číselník,číselník_název_cs,číselník_název_en,číselník_položka,číselník_položka_kód,číselník_položka_název_cs,číselník_položka_název_en
https://data.mff.cuni.cz/zdroj/číselníky/euraxess-vědní-obory,Obor - Euraxess,Euraxess Research Field,https://data.mff.cuni.cz/zdroj/číselníky/euraxess-vědní-obory/položky/1,1,Zemědělské vědy,Agricultural sciences
https://data.mff.cuni.cz/zdroj/číselníky/euraxess-vědní-obory,Obor - Euraxess,Euraxess Research Field,https://data.mff.cuni.cz/zdroj/číselníky/euraxess-vědní-obory/položky/10,10,Zootechnika,Zootechnics
https://data.mff.cuni.cz/zdroj/číselníky/euraxess-vědní-obory,Obor - Euraxess,Euraxess Research Field,https://data.mff.cuni.cz/zdroj/číselníky/euraxess-vědní-obory/položky/100,100,Byzantská studia,Byzantine studies
https://data.mff.cuni.cz/zdroj/číselníky/euraxess-vědní-obory,Obor - Euraxess,Euraxess Research Field,https://data.mff.cuni.cz/zdroj/číselníky/euraxess-vědní-obory/položky/101,101,Koptská studia,Coptic studies
https://data.mff.cuni.cz/zdroj/číselníky/euraxess-vědní-obory,Obor - Euraxess,Euraxess Research Field,https://data.mff.cuni.cz/zdroj/číselníky/euraxess-vědní-obory/položky/102,102,Eskymácká studia,Eskimo studies
https://data.mff.cuni.cz/zdroj/číselníky/euraxess-vědní-obory,Obor - Euraxess,Euraxess Research Field,https://data.mff.cuni.cz/zdroj/číselníky/euraxess-vědní-obory/položky/103,103,Evropská studia,European studies
https://data.mff.cuni.cz/zdroj/číselníky/euraxess-vědní-obory,Obor - Euraxess,Euraxess Research Field,https://data.mff.cuni.cz/zdroj/číselníky/euraxess-vědní-obory/položky/104,104,Islámská studia,Islamic studies
https://data.mff.cuni.cz/zdroj/číselníky/euraxess-vědní-obory,Obor - Euraxess,Euraxess Research Field,https://data.mff.cuni.cz/zdroj/číselníky/euraxess-vědní-obory/položky/105,105,židovská studia,Jewish studies
https://data.mff.cuni.cz/zdroj/číselníky/euraxess-vědní-obory,Obor - Euraxess,Euraxess Research Field,https://data.mff.cuni.cz/zdroj/číselníky/euraxess-vědní-obory/položky/106,106,Středověká studia,Middle Ages studies
https://data.mff.cuni.cz/zdroj/číselníky/euraxess-vědní-obory,Obor - Euraxess,Euraxess Research Field,https://data.mff.cuni.cz/zdroj/číselníky/euraxess-vědní-obory/položky/107,107,Studia Blízkého východu,Middle East studies
https://data.mff.cuni.cz/zdroj/číselníky/euraxess-vědní-obory,Obor - Euraxess,Euraxess Research Field,https://data.mff.cuni.cz/zdroj/číselníky/euraxess-vědní-obory/položky/108,108,Orientální studia,Oriental studies
https://data.mff.cuni.cz/zdroj/číselníky/euraxess-vědní-obory,Obor - Euraxess,Euraxess Research Field,https://data.mff.cuni.cz/zdroj/číselníky/euraxess-vědní-obory/položky/109,109,Regionální studia,Regional studies
https://data.mff.cuni.cz/zdroj/číselníky/euraxess-vědní-obory,Obor - Euraxess,Euraxess Research Field,https://data.mff.cuni.cz/zdroj/číselníky/euraxess-vědní-obory/položky/11,11,Ostatní,Other
https://data.mff.cuni.cz/zdroj/číselníky/euraxess-vědní-obory,Obor - Euraxess,Euraxess Research Field,https://data.mff.cuni.cz/zdroj/číselníky/euraxess-vědní-obory/položky/110,110,Renesanční studia,Renaissance studies
https://data.mff.cuni.cz/zdroj/číselníky/euraxess-vědní-obory,Obor - Euraxess,Euraxess Research Field,https://data.mff.cuni.cz/zdroj/číselníky/euraxess-vědní-obory/položky/111,111,Ruská studia,Russian studies
https://data.mff.cuni.cz/zdroj/číselníky/euraxess-vědní-obory,Obor - Euraxess,Euraxess Research Field,https://data.mff.cuni.cz/zdroj/číselníky/euraxess-vědní-obory/položky/112,112,Studia třetího světa,Third world studies
https://data.mff.cuni.cz/zdroj/číselníky/euraxess-vědní-obory,Obor - Euraxess,Euraxess Research Field,https://data.mff.cuni.cz/zdroj/číselníky/euraxess-vědní-obory/položky/113,113,Další,Other
https://data.mff.cuni.cz/zdroj/číselníky/euraxess-vědní-obory,Obor - Euraxess,Euraxess Research Field,https://data.mff.cuni.cz/zdroj/číselníky/euraxess-vědní-obory/položky/114,114,Demografie,Demography
https://data.mff.cuni.cz/zdroj/číselníky/euraxess-vědní-obory,Obor - Euraxess,Euraxess Research Field,https://data.mff.cuni.cz/zdroj/číselníky/euraxess-vědní-obory/položky/115,115,Ostatní,Other
https://data.mff.cuni.cz/zdroj/číselníky/euraxess-vědní-obory,Obor - Euraxess,Euraxess Research Field,https://data.mff.cuni.cz/zdroj/číselníky/euraxess-vědní-obory/položky/116,116,Ekonomie ,Economics 
https://data.mff.cuni.cz/zdroj/číselníky/euraxess-vědní-obory,Obor - Euraxess,Euraxess Research Field,https://data.mff.cuni.cz/zdroj/číselníky/euraxess-vědní-obory/položky/117,117,Správní vědy,Administrative sciences
https://data.mff.cuni.cz/zdroj/číselníky/euraxess-vědní-obory,Obor - Euraxess,Euraxess Research Field,https://data.mff.cuni.cz/zdroj/číselníky/euraxess-vědní-obory/položky/118,118,Zemědělská ekonomika,Agricultural economics
https://data.mff.cuni.cz/zdroj/číselníky/euraxess-vědní-obory,Obor - Euraxess,Euraxess Research Field,https://data.mff.cuni.cz/zdroj/číselníky/euraxess-vědní-obory/položky/119,119,Aplikovaná ekonomie,Applied economics
https://data.mff.cuni.cz/zdroj/číselníky/euraxess-vědní-obory,Obor - Euraxess,Euraxess Research Field,https://data.mff.cuni.cz/zdroj/číselníky/euraxess-vědní-obory/položky/12,12,Antropologie,Anthropology
https://data.mff.cuni.cz/zdroj/číselníky/euraxess-vědní-obory,Obor - Euraxess,Euraxess Research Field,https://data.mff.cuni.cz/zdroj/číselníky/euraxess-vědní-obory/položky/120,120,Bankovnictví,Banking
https://data.mff.cuni.cz/zdroj/číselníky/euraxess-vědní-obory,Obor - Euraxess,Euraxess Research Field,https://data.mff.cuni.cz/zdroj/číselníky/euraxess-vědní-obory/položky/121,121,Podniková ekonomika,Business economics
https://data.mff.cuni.cz/zdroj/číselníky/euraxess-vědní-obory,Obor - Euraxess,Euraxess Research Field,https://data.mff.cuni.cz/zdroj/číselníky/euraxess-vědní-obory/položky/122,122,Katastrální průzkum,Cadastral survey
https://data.mff.cuni.cz/zdroj/číselníky/euraxess-vědní-obory,Obor - Euraxess,Euraxess Research Field,https://data.mff.cuni.cz/zdroj/číselníky/euraxess-vědní-obory/položky/123,123,Obchodní ekonomie,Commercial economics
https://data.mff.cuni.cz/zdroj/číselníky/euraxess-vědní-obory,Obor - Euraxess,Euraxess Research Field,https://data.mff.cuni.cz/zdroj/číselníky/euraxess-vědní-obory/položky/124,124,Ekonomika stavebnictví,Construction economics
https://data.mff.cuni.cz/zdroj/číselníky/euraxess-vědní-obory,Obor - Euraxess,Euraxess Research Field,https://data.mff.cuni.cz/zdroj/číselníky/euraxess-vědní-obory/položky/125,125,Ekonomika spotřebitele,Consumer economics
https://data.mff.cuni.cz/zdroj/číselníky/euraxess-vědní-obory,Obor - Euraxess,Euraxess Research Field,https://data.mff.cuni.cz/zdroj/číselníky/euraxess-vědní-obory/položky/1253,1253,Všechny,All
https://data.mff.cuni.cz/zdroj/číselníky/euraxess-vědní-obory,Obor - Euraxess,Euraxess Research Field,https://data.mff.cuni.cz/zdroj/číselníky/euraxess-vědní-obory/položky/1254,1254,Ostatní,Other
https://data.mff.cuni.cz/zdroj/číselníky/euraxess-vědní-obory,Obor - Euraxess,Euraxess Research Field,https://data.mff.cuni.cz/zdroj/číselníky/euraxess-vědní-obory/položky/1255,1255,Klinická farmakologie,Clinical pharmacology
https://data.mff.cuni.cz/zdroj/číselníky/euraxess-vědní-obory,Obor - Euraxess,Euraxess Research Field,https://data.mff.cuni.cz/zdroj/číselníky/euraxess-vědní-obory/položky/126,126,Cyklická ekonomika,Cyclical economics
https://data.mff.cuni.cz/zdroj/číselníky/euraxess-vědní-obory,Obor - Euraxess,Euraxess Research Field,https://data.mff.cuni.cz/zdroj/číselníky/euraxess-vědní-obory/položky/127,127,Ekonometrie,Econometrics
https://data.mff.cuni.cz/zdroj/číselníky/euraxess-vědní-obory,Obor - Euraxess,Euraxess Research Field,https://data.mff.cuni.cz/zdroj/číselníky/euraxess-vědní-obory/položky/128,128,Hospodářská politika,Economic policy
https://data.mff.cuni.cz/zdroj/číselníky/euraxess-vědní-obory,Obor - Euraxess,Euraxess Research Field,https://data.mff.cuni.cz/zdroj/číselníky/euraxess-vědní-obory/položky/129,129,Ekonomické systémy,Economic systems
https://data.mff.cuni.cz/zdroj/číselníky/euraxess-vědní-obory,Obor - Euraxess,Euraxess Research Field,https://data.mff.cuni.cz/zdroj/číselníky/euraxess-vědní-obory/položky/13,13,Komunikační antropologie,Communication anthropology
https://data.mff.cuni.cz/zdroj/číselníky/euraxess-vědní-obory,Obor - Euraxess,Euraxess Research Field,https://data.mff.cuni.cz/zdroj/číselníky/euraxess-vědní-obory/položky/130,130,Ekonomická teorie,Economic theory
https://data.mff.cuni.cz/zdroj/číselníky/euraxess-vědní-obory,Obor - Euraxess,Euraxess Research Field,https://data.mff.cuni.cz/zdroj/číselníky/euraxess-vědní-obory/položky/131,131,Ekonomie rozvoje,Economics of development
https://data.mff.cuni.cz/zdroj/číselníky/euraxess-vědní-obory,Obor - Euraxess,Euraxess Research Field,https://data.mff.cuni.cz/zdroj/číselníky/euraxess-vědní-obory/položky/132,132,Ekonomie životního prostředí,Environmental economics
https://data.mff.cuni.cz/zdroj/číselníky/euraxess-vědní-obory,Obor - Euraxess,Euraxess Research Field,https://data.mff.cuni.cz/zdroj/číselníky/euraxess-vědní-obory/položky/133,133,Finanční věda,Financial science
https://data.mff.cuni.cz/zdroj/číselníky/euraxess-vědní-obory,Obor - Euraxess,Euraxess Research Field,https://data.mff.cuni.cz/zdroj/číselníky/euraxess-vědní-obory/položky/134,134,Ekonomika rybolovu,Fishery economy
https://data.mff.cuni.cz/zdroj/číselníky/euraxess-vědní-obory,Obor - Euraxess,Euraxess Research Field,https://data.mff.cuni.cz/zdroj/číselníky/euraxess-vědní-obory/položky/135,135,Ekonomika potravinářství,Food economics
https://data.mff.cuni.cz/zdroj/číselníky/euraxess-vědní-obory,Obor - Euraxess,Euraxess Research Field,https://data.mff.cuni.cz/zdroj/číselníky/euraxess-vědní-obory/položky/136,136,Ekonomika zdraví,Health economics
https://data.mff.cuni.cz/zdroj/číselníky/euraxess-vědní-obory,Obor - Euraxess,Euraxess Research Field,https://data.mff.cuni.cz/zdroj/číselníky/euraxess-vědní-obory/položky/137,137,Ekonomika domácnosti,Home economics
https://data.mff.cuni.cz/zdroj/číselníky/euraxess-vědní-obory,Obor - Euraxess,Euraxess Research Field,https://data.mff.cuni.cz/zdroj/číselníky/euraxess-vědní-obory/položky/138,138,Průmyslová ekonomika,Industrial economics
https://data.mff.cuni.cz/zdroj/číselníky/euraxess-vědní-obory,Obor - Euraxess,Euraxess Research Field,https://data.mff.cuni.cz/zdroj/číselníky/euraxess-vědní-obory/položky/139,139,Mezinárodní ekonomika,International economics
https://data.mff.cuni.cz/zdroj/číselníky/euraxess-vědní-obory,Obor - Euraxess,Euraxess Research Field,https://data.mff.cuni.cz/zdroj/číselníky/euraxess-vědní-obory/položky/14,14,Kulturní antropologie,Cultural anthropology
https://data.mff.cuni.cz/zdroj/číselníky/euraxess-vědní-obory,Obor - Euraxess,Euraxess Research Field,https://data.mff.cuni.cz/zdroj/číselníky/euraxess-vědní-obory/položky/140,140,Znalostní ekonomika,Knowledge economy
https://data.mff.cuni.cz/zdroj/číselníky/euraxess-vědní-obory,Obor - Euraxess,Euraxess Research Field,https://data.mff.cuni.cz/zdroj/číselníky/euraxess-vědní-obory/položky/141,141,Ekonomika práce,Labour economics
https://data.mff.cuni.cz/zdroj/číselníky/euraxess-vědní-obory,Obor - Euraxess,Euraxess Research Field,https://data.mff.cuni.cz/zdroj/číselníky/euraxess-vědní-obory/položky/142,142,Ekonomika trhu práce,Labour market economics
https://data.mff.cuni.cz/zdroj/číselníky/euraxess-vědní-obory,Obor - Euraxess,Euraxess Research Field,https://data.mff.cuni.cz/zdroj/číselníky/euraxess-vědní-obory/položky/143,143,Pozemkové hospodářství,Land economy
https://data.mff.cuni.cz/zdroj/číselníky/euraxess-vědní-obory,Obor - Euraxess,Euraxess Research Field,https://data.mff.cuni.cz/zdroj/číselníky/euraxess-vědní-obory/položky/144,144,Místní veřejná ekonomika,Local public economics
https://data.mff.cuni.cz/zdroj/číselníky/euraxess-vědní-obory,Obor - Euraxess,Euraxess Research Field,https://data.mff.cuni.cz/zdroj/číselníky/euraxess-vědní-obory/položky/145,145,Makroekonomie,Macroeconomics
https://data.mff.cuni.cz/zdroj/číselníky/euraxess-vědní-obory,Obor - Euraxess,Euraxess Research Field,https://data.mff.cuni.cz/zdroj/číselníky/euraxess-vědní-obory/položky/146,146,Studie managementu,Management studies
https://data.mff.cuni.cz/zdroj/číselníky/euraxess-vědní-obory,Obor - Euraxess,Euraxess Research Field,https://data.mff.cuni.cz/zdroj/číselníky/euraxess-vědní-obory/položky/147,147,Marketing,Marketing
https://data.mff.cuni.cz/zdroj/číselníky/euraxess-vědní-obory,Obor - Euraxess,Euraxess Research Field,https://data.mff.cuni.cz/zdroj/číselníky/euraxess-vědní-obory/položky/148,148,Mikroekonomie,Microeconomics
https://data.mff.cuni.cz/zdroj/číselníky/euraxess-vědní-obory,Obor - Euraxess,Euraxess Research Field,https://data.mff.cuni.cz/zdroj/číselníky/euraxess-vědní-obory/položky/149,149,Politická ekonomie,Political economy
https://data.mff.cuni.cz/zdroj/číselníky/euraxess-vědní-obory,Obor - Euraxess,Euraxess Research Field,https://data.mff.cuni.cz/zdroj/číselníky/euraxess-vědní-obory/položky/15,15,Etnologie,Ethnology
https://data.mff.cuni.cz/zdroj/číselníky/euraxess-vědní-obory,Obor - Euraxess,Euraxess Research Field,https://data.mff.cuni.cz/zdroj/číselníky/euraxess-vědní-obory/položky/150,150,Ekonomika výroby,Production economics
https://data.mff.cuni.cz/zdroj/číselníky/euraxess-vědní-obory,Obor - Euraxess,Euraxess Research Field,https://data.mff.cuni.cz/zdroj/číselníky/euraxess-vědní-obory/položky/151,151,Sociální ekonomie,Social economics
https://data.mff.cuni.cz/zdroj/číselníky/euraxess-vědní-obory,Obor - Euraxess,Euraxess Research Field,https://data.mff.cuni.cz/zdroj/číselníky/euraxess-vědní-obory/položky/152,152,Studium cestovního ruchu,Tourism studies
https://data.mff.cuni.cz/zdroj/číselníky/euraxess-vědní-obory,Obor - Euraxess,Euraxess Research Field,https://data.mff.cuni.cz/zdroj/číselníky/euraxess-vědní-obory/položky/153,153,Ekonomika dopravy,Transport economics
https://data.mff.cuni.cz/zdroj/číselníky/euraxess-vědní-obory,Obor - Euraxess,Euraxess Research Field,https://data.mff.cuni.cz/zdroj/číselníky/euraxess-vědní-obory/položky/154,154,Oceňování,Valuation
https://data.mff.cuni.cz/zdroj/číselníky/euraxess-vědní-obory,Obor - Euraxess,Euraxess Research Field,https://data.mff.cuni.cz/zdroj/číselníky/euraxess-vědní-obory/položky/155,155,Veterinární ekonomie,Veterinary economics
https://data.mff.cuni.cz/zdroj/číselníky/euraxess-vědní-obory,Obor - Euraxess,Euraxess Research Field,https://data.mff.cuni.cz/zdroj/číselníky/euraxess-vědní-obory/položky/156,156,Ostatní,Other
https://data.mff.cuni.cz/zdroj/číselníky/euraxess-vědní-obory,Obor - Euraxess,Euraxess Research Field,https://data.mff.cuni.cz/zdroj/číselníky/euraxess-vědní-obory/položky/157,157,Vědy o vzdělávání,Educational sciences
https://data.mff.cuni.cz/zdroj/číselníky/euraxess-vědní-obory,Obor - Euraxess,Euraxess Research Field,https://data.mff.cuni.cz/zdroj/číselníky/euraxess-vědní-obory/položky/158,158,Vzdělávání,Education
https://data.mff.cuni.cz/zdroj/číselníky/euraxess-vědní-obory,Obor - Euraxess,Euraxess Research Field,https://data.mff.cuni.cz/zdroj/číselníky/euraxess-vědní-obory/položky/159,159,Studie o vzdělávání,Learning studies
https://data.mff.cuni.cz/zdroj/číselníky/euraxess-vědní-obory,Obor - Euraxess,Euraxess Research Field,https://data.mff.cuni.cz/zdroj/číselníky/euraxess-vědní-obory/položky/16,16,Lékařská antropologie,Medical anthropology
https://data.mff.cuni.cz/zdroj/číselníky/euraxess-vědní-obory,Obor - Euraxess,Euraxess Research Field,https://data.mff.cuni.cz/zdroj/číselníky/euraxess-vědní-obory/položky/160,160,Metodologie výzkumu,Research methodology
https://data.mff.cuni.cz/zdroj/číselníky/euraxess-vědní-obory,Obor - Euraxess,Euraxess Research Field,https://data.mff.cuni.cz/zdroj/číselníky/euraxess-vědní-obory/položky/161,161,Metody výuky,Teaching methods
https://data.mff.cuni.cz/zdroj/číselníky/euraxess-vědní-obory,Obor - Euraxess,Euraxess Research Field,https://data.mff.cuni.cz/zdroj/číselníky/euraxess-vědní-obory/položky/162,162,Ostatní,Other
https://data.mff.cuni.cz/zdroj/číselníky/euraxess-vědní-obory,Obor - Euraxess,Euraxess Research Field,https://data.mff.cuni.cz/zdroj/číselníky/euraxess-vědní-obory/položky/163,163,Inženýrství,Engineering
https://data.mff.cuni.cz/zdroj/číselníky/euraxess-vědní-obory,Obor - Euraxess,Euraxess Research Field,https://data.mff.cuni.cz/zdroj/číselníky/euraxess-vědní-obory/položky/164,164,Letecké a kosmické inženýrství,Aerospace engineering
https://data.mff.cuni.cz/zdroj/číselníky/euraxess-vědní-obory,Obor - Euraxess,Euraxess Research Field,https://data.mff.cuni.cz/zdroj/číselníky/euraxess-vědní-obory/položky/165,165,Zemědělské inženýrství,Agricultural engineering
https://data.mff.cuni.cz/zdroj/číselníky/euraxess-vědní-obory,Obor - Euraxess,Euraxess Research Field,https://data.mff.cuni.cz/zdroj/číselníky/euraxess-vědní-obory/položky/166,166,Biomateriálové inženýrství,Biomaterial engineering
https://data.mff.cuni.cz/zdroj/číselníky/euraxess-vědní-obory,Obor - Euraxess,Euraxess Research Field,https://data.mff.cuni.cz/zdroj/číselníky/euraxess-vědní-obory/položky/167,167,Biomedicínské inženýrství,Biomedical engineering
https://data.mff.cuni.cz/zdroj/číselníky/euraxess-vědní-obory,Obor - Euraxess,Euraxess Research Field,https://data.mff.cuni.cz/zdroj/číselníky/euraxess-vědní-obory/položky/168,168,Chemické inženýrství,Chemical engineering
https://data.mff.cuni.cz/zdroj/číselníky/euraxess-vědní-obory,Obor - Euraxess,Euraxess Research Field,https://data.mff.cuni.cz/zdroj/číselníky/euraxess-vědní-obory/položky/169,169,Stavební inženýrství,Civil engineering
https://data.mff.cuni.cz/zdroj/číselníky/euraxess-vědní-obory,Obor - Euraxess,Euraxess Research Field,https://data.mff.cuni.cz/zdroj/číselníky/euraxess-vědní-obory/položky/17,17,Fyzická antropologie,Physical anthropology
https://data.mff.cuni.cz/zdroj/číselníky/euraxess-vědní-obory,Obor - Euraxess,Euraxess Research Field,https://data.mff.cuni.cz/zdroj/číselníky/euraxess-vědní-obory/položky/170,170,Komunikační inženýrství,Communication engineering
https://data.mff.cuni.cz/zdroj/číselníky/euraxess-vědní-obory,Obor - Euraxess,Euraxess Research Field,https://data.mff.cuni.cz/zdroj/číselníky/euraxess-vědní-obory/položky/171,171,Počítačové inženýrství,Computer engineering
https://data.mff.cuni.cz/zdroj/číselníky/euraxess-vědní-obory,Obor - Euraxess,Euraxess Research Field,https://data.mff.cuni.cz/zdroj/číselníky/euraxess-vědní-obory/položky/172,172,Řídicí technika,Control engineering
https://data.mff.cuni.cz/zdroj/číselníky/euraxess-vědní-obory,Obor - Euraxess,Euraxess Research Field,https://data.mff.cuni.cz/zdroj/číselníky/euraxess-vědní-obory/položky/173,173,Konstrukční inženýrství,Design engineering
https://data.mff.cuni.cz/zdroj/číselníky/euraxess-vědní-obory,Obor - Euraxess,Euraxess Research Field,https://data.mff.cuni.cz/zdroj/číselníky/euraxess-vědní-obory/položky/174,174,Elektrotechnika,Electrical engineering
https://data.mff.cuni.cz/zdroj/číselníky/euraxess-vědní-obory,Obor - Euraxess,Euraxess Research Field,https://data.mff.cuni.cz/zdroj/číselníky/euraxess-vědní-obory/položky/175,175,Elektronické inženýrství,Electronic engineering
https://data.mff.cuni.cz/zdroj/číselníky/euraxess-vědní-obory,Obor - Euraxess,Euraxess Research Field,https://data.mff.cuni.cz/zdroj/číselníky/euraxess-vědní-obory/položky/176,176,Geologické inženýrství,Geological engineering
https://data.mff.cuni.cz/zdroj/číselníky/euraxess-vědní-obory,Obor - Euraxess,Euraxess Research Field,https://data.mff.cuni.cz/zdroj/číselníky/euraxess-vědní-obory/položky/177,177,Průmyslové inženýrství,Industrial engineering
https://data.mff.cuni.cz/zdroj/číselníky/euraxess-vědní-obory,Obor - Euraxess,Euraxess Research Field,https://data.mff.cuni.cz/zdroj/číselníky/euraxess-vědní-obory/položky/178,178,Znalostní inženýrství,Knowledge engineering
https://data.mff.cuni.cz/zdroj/číselníky/euraxess-vědní-obory,Obor - Euraxess,Euraxess Research Field,https://data.mff.cuni.cz/zdroj/číselníky/euraxess-vědní-obory/položky/179,179,Námořní inženýrství,Maritime engineering
https://data.mff.cuni.cz/zdroj/číselníky/euraxess-vědní-obory,Obor - Euraxess,Euraxess Research Field,https://data.mff.cuni.cz/zdroj/číselníky/euraxess-vědní-obory/položky/18,18,Sociální antropologie,Social anthropology
https://data.mff.cuni.cz/zdroj/číselníky/euraxess-vědní-obory,Obor - Euraxess,Euraxess Research Field,https://data.mff.cuni.cz/zdroj/číselníky/euraxess-vědní-obory/položky/180,180,Materiálové inženýrství,Materials engineering
https://data.mff.cuni.cz/zdroj/číselníky/euraxess-vědní-obory,Obor - Euraxess,Euraxess Research Field,https://data.mff.cuni.cz/zdroj/číselníky/euraxess-vědní-obory/položky/181,181,Strojní inženýrství,Mechanical engineering
https://data.mff.cuni.cz/zdroj/číselníky/euraxess-vědní-obory,Obor - Euraxess,Euraxess Research Field,https://data.mff.cuni.cz/zdroj/číselníky/euraxess-vědní-obory/položky/182,182,Mikroinženýrství,Microengineering
https://data.mff.cuni.cz/zdroj/číselníky/euraxess-vědní-obory,Obor - Euraxess,Euraxess Research Field,https://data.mff.cuni.cz/zdroj/číselníky/euraxess-vědní-obory/položky/183,183,Jaderné inženýrství,Nuclear engineering
https://data.mff.cuni.cz/zdroj/číselníky/euraxess-vědní-obory,Obor - Euraxess,Euraxess Research Field,https://data.mff.cuni.cz/zdroj/číselníky/euraxess-vědní-obory/položky/184,184,Přesné strojírenství,Precision engineering
https://data.mff.cuni.cz/zdroj/číselníky/euraxess-vědní-obory,Obor - Euraxess,Euraxess Research Field,https://data.mff.cuni.cz/zdroj/číselníky/euraxess-vědní-obory/položky/185,185,Procesní inženýrství,Process engineering
https://data.mff.cuni.cz/zdroj/číselníky/euraxess-vědní-obory,Obor - Euraxess,Euraxess Research Field,https://data.mff.cuni.cz/zdroj/číselníky/euraxess-vědní-obory/položky/186,186,Projektové inženýrství,Project engineering
https://data.mff.cuni.cz/zdroj/číselníky/euraxess-vědní-obory,Obor - Euraxess,Euraxess Research Field,https://data.mff.cuni.cz/zdroj/číselníky/euraxess-vědní-obory/položky/187,187,Simulační inženýrství,Simulation engineering
https://data.mff.cuni.cz/zdroj/číselníky/euraxess-vědní-obory,Obor - Euraxess,Euraxess Research Field,https://data.mff.cuni.cz/zdroj/číselníky/euraxess-vědní-obory/položky/188,188,Zvuková technika,Sound engineering
https://data.mff.cuni.cz/zdroj/číselníky/euraxess-vědní-obory,Obor - Euraxess,Euraxess Research Field,https://data.mff.cuni.cz/zdroj/číselníky/euraxess-vědní-obory/položky/189,189,Geodézie,Surveying
https://data.mff.cuni.cz/zdroj/číselníky/euraxess-vědní-obory,Obor - Euraxess,Euraxess Research Field,https://data.mff.cuni.cz/zdroj/číselníky/euraxess-vědní-obory/položky/19,19,Ostatní,Other
https://data.mff.cuni.cz/zdroj/číselníky/euraxess-vědní-obory,Obor - Euraxess,Euraxess Research Field,https://data.mff.cuni.cz/zdroj/číselníky/euraxess-vědní-obory/položky/190,190,Systémové inženýrství,Systems engineering
https://data.mff.cuni.cz/zdroj/číselníky/euraxess-vědní-obory,Obor - Euraxess,Euraxess Research Field,https://data.mff.cuni.cz/zdroj/číselníky/euraxess-vědní-obory/položky/191,191,Tepelné inženýrství,Thermal engineering
https://data.mff.cuni.cz/zdroj/číselníky/euraxess-vědní-obory,Obor - Euraxess,Euraxess Research Field,https://data.mff.cuni.cz/zdroj/číselníky/euraxess-vědní-obory/položky/192,192,Inženýrství vodních zdrojů,Water resources engineering
https://data.mff.cuni.cz/zdroj/číselníky/euraxess-vědní-obory,Obor - Euraxess,Euraxess Research Field,https://data.mff.cuni.cz/zdroj/číselníky/euraxess-vědní-obory/položky/193,193,Ostatní,Other
https://data.mff.cuni.cz/zdroj/číselníky/euraxess-vědní-obory,Obor - Euraxess,Euraxess Research Field,https://data.mff.cuni.cz/zdroj/číselníky/euraxess-vědní-obory/položky/194,194,Věda o životním prostředí,Environmental science
https://data.mff.cuni.cz/zdroj/číselníky/euraxess-vědní-obory,Obor - Euraxess,Euraxess Research Field,https://data.mff.cuni.cz/zdroj/číselníky/euraxess-vědní-obory/položky/195,195,Vědy o Zemi,Earth science
https://data.mff.cuni.cz/zdroj/číselníky/euraxess-vědní-obory,Obor - Euraxess,Euraxess Research Field,https://data.mff.cuni.cz/zdroj/číselníky/euraxess-vědní-obory/položky/196,196,Ekologie,Ecology
https://data.mff.cuni.cz/zdroj/číselníky/euraxess-vědní-obory,Obor - Euraxess,Euraxess Research Field,https://data.mff.cuni.cz/zdroj/číselníky/euraxess-vědní-obory/položky/197,197,Globální změny,Global change
https://data.mff.cuni.cz/zdroj/číselníky/euraxess-vědní-obory,Obor - Euraxess,Euraxess Research Field,https://data.mff.cuni.cz/zdroj/číselníky/euraxess-vědní-obory/položky/198,198,Řízení přírodních zdrojů,Natural resources management
https://data.mff.cuni.cz/zdroj/číselníky/euraxess-vědní-obory,Obor - Euraxess,Euraxess Research Field,https://data.mff.cuni.cz/zdroj/číselníky/euraxess-vědní-obory/položky/199,199,Věda o vodě,Water science
https://data.mff.cuni.cz/zdroj/číselníky/euraxess-vědní-obory,Obor - Euraxess,Euraxess Research Field,https://data.mff.cuni.cz/zdroj/číselníky/euraxess-vědní-obory/položky/2,2,Zemědělské produkty,Agricultural products
https://data.mff.cuni.cz/zdroj/číselníky/euraxess-vědní-obory,Obor - Euraxess,Euraxess Research Field,https://data.mff.cuni.cz/zdroj/číselníky/euraxess-vědní-obory/položky/20,20,Architektura ,Architecture 
https://data.mff.cuni.cz/zdroj/číselníky/euraxess-vědní-obory,Obor - Euraxess,Euraxess Research Field,https://data.mff.cuni.cz/zdroj/číselníky/euraxess-vědní-obory/položky/200,200,Další,Other
https://data.mff.cuni.cz/zdroj/číselníky/euraxess-vědní-obory,Obor - Euraxess,Euraxess Research Field,https://data.mff.cuni.cz/zdroj/číselníky/euraxess-vědní-obory/položky/201,201,Etika ve zdravotnických vědách,Ethics in health sciences
https://data.mff.cuni.cz/zdroj/číselníky/euraxess-vědní-obory,Obor - Euraxess,Euraxess Research Field,https://data.mff.cuni.cz/zdroj/číselníky/euraxess-vědní-obory/položky/202,202,Ostatní,Other
https://data.mff.cuni.cz/zdroj/číselníky/euraxess-vědní-obory,Obor - Euraxess,Euraxess Research Field,https://data.mff.cuni.cz/zdroj/číselníky/euraxess-vědní-obory/položky/203,203,Etika v přírodních vědách ,Ethics in natural sciences 
https://data.mff.cuni.cz/zdroj/číselníky/euraxess-vědní-obory,Obor - Euraxess,Euraxess Research Field,https://data.mff.cuni.cz/zdroj/číselníky/euraxess-vědní-obory/položky/204,204,Ostatní,Other
https://data.mff.cuni.cz/zdroj/číselníky/euraxess-vědní-obory,Obor - Euraxess,Euraxess Research Field,https://data.mff.cuni.cz/zdroj/číselníky/euraxess-vědní-obory/položky/205,205,Etika ve fyzikálních vědách,Ethics in physical sciences
https://data.mff.cuni.cz/zdroj/číselníky/euraxess-vědní-obory,Obor - Euraxess,Euraxess Research Field,https://data.mff.cuni.cz/zdroj/číselníky/euraxess-vědní-obory/položky/206,206,Ostatní,Other
https://data.mff.cuni.cz/zdroj/číselníky/euraxess-vědní-obory,Obor - Euraxess,Euraxess Research Field,https://data.mff.cuni.cz/zdroj/číselníky/euraxess-vědní-obory/položky/207,207,Etika ve společenských vědách,Ethics in social sciences
https://data.mff.cuni.cz/zdroj/číselníky/euraxess-vědní-obory,Obor - Euraxess,Euraxess Research Field,https://data.mff.cuni.cz/zdroj/číselníky/euraxess-vědní-obory/položky/208,208,Ostatní,Other
https://data.mff.cuni.cz/zdroj/číselníky/euraxess-vědní-obory,Obor - Euraxess,Euraxess Research Field,https://data.mff.cuni.cz/zdroj/číselníky/euraxess-vědní-obory/položky/209,209,Geografie,Geography
https://data.mff.cuni.cz/zdroj/číselníky/euraxess-vědní-obory,Obor - Euraxess,Euraxess Research Field,https://data.mff.cuni.cz/zdroj/číselníky/euraxess-vědní-obory/položky/21,21,Design,Design
https://data.mff.cuni.cz/zdroj/číselníky/euraxess-vědní-obory,Obor - Euraxess,Euraxess Research Field,https://data.mff.cuni.cz/zdroj/číselníky/euraxess-vědní-obory/položky/210,210,Kartografie,Cartography
https://data.mff.cuni.cz/zdroj/číselníky/euraxess-vědní-obory,Obor - Euraxess,Euraxess Research Field,https://data.mff.cuni.cz/zdroj/číselníky/euraxess-vědní-obory/položky/211,211,Ekonomická geografie,Economic geography
https://data.mff.cuni.cz/zdroj/číselníky/euraxess-vědní-obory,Obor - Euraxess,Euraxess Research Field,https://data.mff.cuni.cz/zdroj/číselníky/euraxess-vědní-obory/položky/212,212,Geopolitika,Geopolitics
https://data.mff.cuni.cz/zdroj/číselníky/euraxess-vědní-obory,Obor - Euraxess,Euraxess Research Field,https://data.mff.cuni.cz/zdroj/číselníky/euraxess-vědní-obory/položky/213,213,Historická geografie,Historical geography
https://data.mff.cuni.cz/zdroj/číselníky/euraxess-vědní-obory,Obor - Euraxess,Euraxess Research Field,https://data.mff.cuni.cz/zdroj/číselníky/euraxess-vědní-obory/položky/214,214,Humánní geografie,Human geography
https://data.mff.cuni.cz/zdroj/číselníky/euraxess-vědní-obory,Obor - Euraxess,Euraxess Research Field,https://data.mff.cuni.cz/zdroj/číselníky/euraxess-vědní-obory/položky/215,215,Regionální geografie,Regional geography
https://data.mff.cuni.cz/zdroj/číselníky/euraxess-vědní-obory,Obor - Euraxess,Euraxess Research Field,https://data.mff.cuni.cz/zdroj/číselníky/euraxess-vědní-obory/položky/216,216,Sociální geografie,Social geography
https://data.mff.cuni.cz/zdroj/číselníky/euraxess-vědní-obory,Obor - Euraxess,Euraxess Research Field,https://data.mff.cuni.cz/zdroj/číselníky/euraxess-vědní-obory/položky/217,217,Ostatní,Other
https://data.mff.cuni.cz/zdroj/číselníky/euraxess-vědní-obory,Obor - Euraxess,Euraxess Research Field,https://data.mff.cuni.cz/zdroj/číselníky/euraxess-vědní-obory/položky/218,218,Geovědní obory,Geosciences
https://data.mff.cuni.cz/zdroj/číselníky/euraxess-vědní-obory,Obor - Euraxess,Euraxess Research Field,https://data.mff.cuni.cz/zdroj/číselníky/euraxess-vědní-obory/položky/219,219,Geologie,Geology
https://data.mff.cuni.cz/zdroj/číselníky/euraxess-vědní-obory,Obor - Euraxess,Euraxess Research Field,https://data.mff.cuni.cz/zdroj/číselníky/euraxess-vědní-obory/položky/22,22,Krajinná architektura,Landscape architecture
https://data.mff.cuni.cz/zdroj/číselníky/euraxess-vědní-obory,Obor - Euraxess,Euraxess Research Field,https://data.mff.cuni.cz/zdroj/číselníky/euraxess-vědní-obory/položky/220,220,Hydrologie,Hydrology
https://data.mff.cuni.cz/zdroj/číselníky/euraxess-vědní-obory,Obor - Euraxess,Euraxess Research Field,https://data.mff.cuni.cz/zdroj/číselníky/euraxess-vědní-obory/položky/221,221,Ostatní,Other
https://data.mff.cuni.cz/zdroj/číselníky/euraxess-vědní-obory,Obor - Euraxess,Euraxess Research Field,https://data.mff.cuni.cz/zdroj/číselníky/euraxess-vědní-obory/položky/222,222,Historie,History
https://data.mff.cuni.cz/zdroj/číselníky/euraxess-vědní-obory,Obor - Euraxess,Euraxess Research Field,https://data.mff.cuni.cz/zdroj/číselníky/euraxess-vědní-obory/položky/223,223,Starověké dějiny,Ancient history
https://data.mff.cuni.cz/zdroj/číselníky/euraxess-vědní-obory,Obor - Euraxess,Euraxess Research Field,https://data.mff.cuni.cz/zdroj/číselníky/euraxess-vědní-obory/položky/224,224,Archeologie,Archaeology
https://data.mff.cuni.cz/zdroj/číselníky/euraxess-vědní-obory,Obor - Euraxess,Euraxess Research Field,https://data.mff.cuni.cz/zdroj/číselníky/euraxess-vědní-obory/položky/225,225,Dějiny umění,Art history
https://data.mff.cuni.cz/zdroj/číselníky/euraxess-vědní-obory,Obor - Euraxess,Euraxess Research Field,https://data.mff.cuni.cz/zdroj/číselníky/euraxess-vědní-obory/položky/226,226,Církevní dějiny,Church history
https://data.mff.cuni.cz/zdroj/číselníky/euraxess-vědní-obory,Obor - Euraxess,Euraxess Research Field,https://data.mff.cuni.cz/zdroj/číselníky/euraxess-vědní-obory/položky/227,227,Soudobé dějiny,Contemporary history
https://data.mff.cuni.cz/zdroj/číselníky/euraxess-vědní-obory,Obor - Euraxess,Euraxess Research Field,https://data.mff.cuni.cz/zdroj/číselníky/euraxess-vědní-obory/položky/228,228,Hospodářské dějiny,Economic history
https://data.mff.cuni.cz/zdroj/číselníky/euraxess-vědní-obory,Obor - Euraxess,Euraxess Research Field,https://data.mff.cuni.cz/zdroj/číselníky/euraxess-vědní-obory/položky/229,229,Genealogie,Genealogy
https://data.mff.cuni.cz/zdroj/číselníky/euraxess-vědní-obory,Obor - Euraxess,Euraxess Research Field,https://data.mff.cuni.cz/zdroj/číselníky/euraxess-vědní-obory/položky/23,23,Námořní architektura,Naval architecture
https://data.mff.cuni.cz/zdroj/číselníky/euraxess-vědní-obory,Obor - Euraxess,Euraxess Research Field,https://data.mff.cuni.cz/zdroj/číselníky/euraxess-vědní-obory/položky/230,230,Heraldika,Heraldry
https://data.mff.cuni.cz/zdroj/číselníky/euraxess-vědní-obory,Obor - Euraxess,Euraxess Research Field,https://data.mff.cuni.cz/zdroj/číselníky/euraxess-vědní-obory/položky/231,231,Dějiny zemědělství,History of agriculture
https://data.mff.cuni.cz/zdroj/číselníky/euraxess-vědní-obory,Obor - Euraxess,Euraxess Research Field,https://data.mff.cuni.cz/zdroj/číselníky/euraxess-vědní-obory/položky/232,232,Dějiny designu,History of design
https://data.mff.cuni.cz/zdroj/číselníky/euraxess-vědní-obory,Obor - Euraxess,Euraxess Research Field,https://data.mff.cuni.cz/zdroj/číselníky/euraxess-vědní-obory/položky/233,233,Dějiny práva,History of law
https://data.mff.cuni.cz/zdroj/číselníky/euraxess-vědní-obory,Obor - Euraxess,Euraxess Research Field,https://data.mff.cuni.cz/zdroj/číselníky/euraxess-vědní-obory/položky/234,234,Dějiny herectví,History of performance
https://data.mff.cuni.cz/zdroj/číselníky/euraxess-vědní-obory,Obor - Euraxess,Euraxess Research Field,https://data.mff.cuni.cz/zdroj/číselníky/euraxess-vědní-obory/položky/235,235,Dějiny filozofie,History of philosophy
https://data.mff.cuni.cz/zdroj/číselníky/euraxess-vědní-obory,Obor - Euraxess,Euraxess Research Field,https://data.mff.cuni.cz/zdroj/číselníky/euraxess-vědní-obory/položky/236,236,Dějiny náboženství,History of religions
https://data.mff.cuni.cz/zdroj/číselníky/euraxess-vědní-obory,Obor - Euraxess,Euraxess Research Field,https://data.mff.cuni.cz/zdroj/číselníky/euraxess-vědní-obory/položky/237,237,Dějiny vědy,History of science
https://data.mff.cuni.cz/zdroj/číselníky/euraxess-vědní-obory,Obor - Euraxess,Euraxess Research Field,https://data.mff.cuni.cz/zdroj/číselníky/euraxess-vědní-obory/položky/238,238,Dějiny společenských věd,History of social sciences
https://data.mff.cuni.cz/zdroj/číselníky/euraxess-vědní-obory,Obor - Euraxess,Euraxess Research Field,https://data.mff.cuni.cz/zdroj/číselníky/euraxess-vědní-obory/položky/239,239,Místní dějiny,Local history
https://data.mff.cuni.cz/zdroj/číselníky/euraxess-vědní-obory,Obor - Euraxess,Euraxess Research Field,https://data.mff.cuni.cz/zdroj/číselníky/euraxess-vědní-obory/položky/24,24,Ostatní,Other
https://data.mff.cuni.cz/zdroj/číselníky/euraxess-vědní-obory,Obor - Euraxess,Euraxess Research Field,https://data.mff.cuni.cz/zdroj/číselníky/euraxess-vědní-obory/položky/240,240,Dějiny středověku,Medieval history
https://data.mff.cuni.cz/zdroj/číselníky/euraxess-vědní-obory,Obor - Euraxess,Euraxess Research Field,https://data.mff.cuni.cz/zdroj/číselníky/euraxess-vědní-obory/položky/241,241,Novověké dějiny,Modern history
https://data.mff.cuni.cz/zdroj/číselníky/euraxess-vědní-obory,Obor - Euraxess,Euraxess Research Field,https://data.mff.cuni.cz/zdroj/číselníky/euraxess-vědní-obory/položky/242,242,Dějiny hudby,Music history
https://data.mff.cuni.cz/zdroj/číselníky/euraxess-vědní-obory,Obor - Euraxess,Euraxess Research Field,https://data.mff.cuni.cz/zdroj/číselníky/euraxess-vědní-obory/položky/243,243,Numismatika,Numismatics
https://data.mff.cuni.cz/zdroj/číselníky/euraxess-vědní-obory,Obor - Euraxess,Euraxess Research Field,https://data.mff.cuni.cz/zdroj/číselníky/euraxess-vědní-obory/položky/244,244,Paleografie,Paleography
https://data.mff.cuni.cz/zdroj/číselníky/euraxess-vědní-obory,Obor - Euraxess,Euraxess Research Field,https://data.mff.cuni.cz/zdroj/číselníky/euraxess-vědní-obory/položky/245,245,Politické dějiny,Political history
https://data.mff.cuni.cz/zdroj/číselníky/euraxess-vědní-obory,Obor - Euraxess,Euraxess Research Field,https://data.mff.cuni.cz/zdroj/číselníky/euraxess-vědní-obory/položky/246,246,Pravěk,Prehistory
https://data.mff.cuni.cz/zdroj/číselníky/euraxess-vědní-obory,Obor - Euraxess,Euraxess Research Field,https://data.mff.cuni.cz/zdroj/číselníky/euraxess-vědní-obory/položky/247,247,Sigilografie,Sigillography
https://data.mff.cuni.cz/zdroj/číselníky/euraxess-vědní-obory,Obor - Euraxess,Euraxess Research Field,https://data.mff.cuni.cz/zdroj/číselníky/euraxess-vědní-obory/položky/248,248,Sociální dějiny,Social history
https://data.mff.cuni.cz/zdroj/číselníky/euraxess-vědní-obory,Obor - Euraxess,Euraxess Research Field,https://data.mff.cuni.cz/zdroj/číselníky/euraxess-vědní-obory/položky/249,249,Ostatní,Other
https://data.mff.cuni.cz/zdroj/číselníky/euraxess-vědní-obory,Obor - Euraxess,Euraxess Research Field,https://data.mff.cuni.cz/zdroj/číselníky/euraxess-vědní-obory/položky/25,25,Umění,Arts
https://data.mff.cuni.cz/zdroj/číselníky/euraxess-vědní-obory,Obor - Euraxess,Euraxess Research Field,https://data.mff.cuni.cz/zdroj/číselníky/euraxess-vědní-obory/položky/250,250,Informační věda,Information science
https://data.mff.cuni.cz/zdroj/číselníky/euraxess-vědní-obory,Obor - Euraxess,Euraxess Research Field,https://data.mff.cuni.cz/zdroj/číselníky/euraxess-vědní-obory/položky/251,251,Archivnictví,Archivistics
https://data.mff.cuni.cz/zdroj/číselníky/euraxess-vědní-obory,Obor - Euraxess,Euraxess Research Field,https://data.mff.cuni.cz/zdroj/číselníky/euraxess-vědní-obory/položky/252,252,Diplomatika,Diplomatics
https://data.mff.cuni.cz/zdroj/číselníky/euraxess-vědní-obory,Obor - Euraxess,Euraxess Research Field,https://data.mff.cuni.cz/zdroj/číselníky/euraxess-vědní-obory/položky/253,253,Dokumentace,Documentation
https://data.mff.cuni.cz/zdroj/číselníky/euraxess-vědní-obory,Obor - Euraxess,Euraxess Research Field,https://data.mff.cuni.cz/zdroj/číselníky/euraxess-vědní-obory/položky/254,254,Informační management,Information management
https://data.mff.cuni.cz/zdroj/číselníky/euraxess-vědní-obory,Obor - Euraxess,Euraxess Research Field,https://data.mff.cuni.cz/zdroj/číselníky/euraxess-vědní-obory/položky/255,255,Knihovnictví,Library science
https://data.mff.cuni.cz/zdroj/číselníky/euraxess-vědní-obory,Obor - Euraxess,Euraxess Research Field,https://data.mff.cuni.cz/zdroj/číselníky/euraxess-vědní-obory/položky/256,256,Ostatní,Other
https://data.mff.cuni.cz/zdroj/číselníky/euraxess-vědní-obory,Obor - Euraxess,Euraxess Research Field,https://data.mff.cuni.cz/zdroj/číselníky/euraxess-vědní-obory/položky/257,257,Právní vědy,Juridical sciences
https://data.mff.cuni.cz/zdroj/číselníky/euraxess-vědní-obory,Obor - Euraxess,Euraxess Research Field,https://data.mff.cuni.cz/zdroj/číselníky/euraxess-vědní-obory/položky/258,258,Agrární právo,Agrarian law
https://data.mff.cuni.cz/zdroj/číselníky/euraxess-vědní-obory,Obor - Euraxess,Euraxess Research Field,https://data.mff.cuni.cz/zdroj/číselníky/euraxess-vědní-obory/položky/259,259,Kanonické právo,Canon law
https://data.mff.cuni.cz/zdroj/číselníky/euraxess-vědní-obory,Obor - Euraxess,Euraxess Research Field,https://data.mff.cuni.cz/zdroj/číselníky/euraxess-vědní-obory/položky/26,26,Umělecký management,Arts management
https://data.mff.cuni.cz/zdroj/číselníky/euraxess-vědní-obory,Obor - Euraxess,Euraxess Research Field,https://data.mff.cuni.cz/zdroj/číselníky/euraxess-vědní-obory/položky/260,260,Srovnávací právo,Comparative law
https://data.mff.cuni.cz/zdroj/číselníky/euraxess-vědní-obory,Obor - Euraxess,Euraxess Research Field,https://data.mff.cuni.cz/zdroj/číselníky/euraxess-vědní-obory/položky/261,261,Trestní právo,Criminal law
https://data.mff.cuni.cz/zdroj/číselníky/euraxess-vědní-obory,Obor - Euraxess,Euraxess Research Field,https://data.mff.cuni.cz/zdroj/číselníky/euraxess-vědní-obory/položky/262,262,Právo životního prostředí,Environmental law
https://data.mff.cuni.cz/zdroj/číselníky/euraxess-vědní-obory,Obor - Euraxess,Euraxess Research Field,https://data.mff.cuni.cz/zdroj/číselníky/euraxess-vědní-obory/položky/263,263,Evropské právo,European law
https://data.mff.cuni.cz/zdroj/číselníky/euraxess-vědní-obory,Obor - Euraxess,Euraxess Research Field,https://data.mff.cuni.cz/zdroj/číselníky/euraxess-vědní-obory/položky/264,264,Finanční právo,Finance law
https://data.mff.cuni.cz/zdroj/číselníky/euraxess-vědní-obory,Obor - Euraxess,Euraxess Research Field,https://data.mff.cuni.cz/zdroj/číselníky/euraxess-vědní-obory/položky/265,265,Daňové právo,Fiscal law
https://data.mff.cuni.cz/zdroj/číselníky/euraxess-vědní-obory,Obor - Euraxess,Euraxess Research Field,https://data.mff.cuni.cz/zdroj/číselníky/euraxess-vědní-obory/položky/266,266,Zdravotní právo,Health law
https://data.mff.cuni.cz/zdroj/číselníky/euraxess-vědní-obory,Obor - Euraxess,Euraxess Research Field,https://data.mff.cuni.cz/zdroj/číselníky/euraxess-vědní-obory/položky/267,267,Informační právo,Informatic law
https://data.mff.cuni.cz/zdroj/číselníky/euraxess-vědní-obory,Obor - Euraxess,Euraxess Research Field,https://data.mff.cuni.cz/zdroj/číselníky/euraxess-vědní-obory/položky/268,268,Mezinárodní právo,International law
https://data.mff.cuni.cz/zdroj/číselníky/euraxess-vědní-obory,Obor - Euraxess,Euraxess Research Field,https://data.mff.cuni.cz/zdroj/číselníky/euraxess-vědní-obory/položky/269,269,Soudní právo,Judicial law
https://data.mff.cuni.cz/zdroj/číselníky/euraxess-vědní-obory,Obor - Euraxess,Euraxess Research Field,https://data.mff.cuni.cz/zdroj/číselníky/euraxess-vědní-obory/položky/27,27,Studium módy,Fashion studies
https://data.mff.cuni.cz/zdroj/číselníky/euraxess-vědní-obory,Obor - Euraxess,Euraxess Research Field,https://data.mff.cuni.cz/zdroj/číselníky/euraxess-vědní-obory/položky/270,270,Právo mladistvých,Juvenile law
https://data.mff.cuni.cz/zdroj/číselníky/euraxess-vědní-obory,Obor - Euraxess,Euraxess Research Field,https://data.mff.cuni.cz/zdroj/číselníky/euraxess-vědní-obory/položky/271,271,Pracovní právo,Labour law
https://data.mff.cuni.cz/zdroj/číselníky/euraxess-vědní-obory,Obor - Euraxess,Euraxess Research Field,https://data.mff.cuni.cz/zdroj/číselníky/euraxess-vědní-obory/položky/272,272,Mediální právo,Media law
https://data.mff.cuni.cz/zdroj/číselníky/euraxess-vědní-obory,Obor - Euraxess,Euraxess Research Field,https://data.mff.cuni.cz/zdroj/číselníky/euraxess-vědní-obory/položky/273,273,Zdravotnické právo,Medical law
https://data.mff.cuni.cz/zdroj/číselníky/euraxess-vědní-obory,Obor - Euraxess,Euraxess Research Field,https://data.mff.cuni.cz/zdroj/číselníky/euraxess-vědní-obory/položky/274,274,Soukromé právo,Private law
https://data.mff.cuni.cz/zdroj/číselníky/euraxess-vědní-obory,Obor - Euraxess,Euraxess Research Field,https://data.mff.cuni.cz/zdroj/číselníky/euraxess-vědní-obory/položky/275,275,Veřejné právo,Public law
https://data.mff.cuni.cz/zdroj/číselníky/euraxess-vědní-obory,Obor - Euraxess,Euraxess Research Field,https://data.mff.cuni.cz/zdroj/číselníky/euraxess-vědní-obory/položky/276,276,Římské právo,Roman law
https://data.mff.cuni.cz/zdroj/číselníky/euraxess-vědní-obory,Obor - Euraxess,Euraxess Research Field,https://data.mff.cuni.cz/zdroj/číselníky/euraxess-vědní-obory/položky/277,277,Sociální právo,Social law
https://data.mff.cuni.cz/zdroj/číselníky/euraxess-vědní-obory,Obor - Euraxess,Euraxess Research Field,https://data.mff.cuni.cz/zdroj/číselníky/euraxess-vědní-obory/položky/278,278,Dopravní právo,Transportation law
https://data.mff.cuni.cz/zdroj/číselníky/euraxess-vědní-obory,Obor - Euraxess,Euraxess Research Field,https://data.mff.cuni.cz/zdroj/číselníky/euraxess-vědní-obory/položky/279,279,Ostatní,Other
https://data.mff.cuni.cz/zdroj/číselníky/euraxess-vědní-obory,Obor - Euraxess,Euraxess Research Field,https://data.mff.cuni.cz/zdroj/číselníky/euraxess-vědní-obory/položky/28,28,Výtvarné umění,Fine arts
https://data.mff.cuni.cz/zdroj/číselníky/euraxess-vědní-obory,Obor - Euraxess,Euraxess Research Field,https://data.mff.cuni.cz/zdroj/číselníky/euraxess-vědní-obory/položky/280,280,Jazykové vědy ,Language sciences 
https://data.mff.cuni.cz/zdroj/číselníky/euraxess-vědní-obory,Obor - Euraxess,Euraxess Research Field,https://data.mff.cuni.cz/zdroj/číselníky/euraxess-vědní-obory/položky/281,281,Jazyky,Languages
https://data.mff.cuni.cz/zdroj/číselníky/euraxess-vědní-obory,Obor - Euraxess,Euraxess Research Field,https://data.mff.cuni.cz/zdroj/číselníky/euraxess-vědní-obory/položky/282,282,Jazykověda,Linguistics
https://data.mff.cuni.cz/zdroj/číselníky/euraxess-vědní-obory,Obor - Euraxess,Euraxess Research Field,https://data.mff.cuni.cz/zdroj/číselníky/euraxess-vědní-obory/položky/283,283,Filologie,Philology
https://data.mff.cuni.cz/zdroj/číselníky/euraxess-vědní-obory,Obor - Euraxess,Euraxess Research Field,https://data.mff.cuni.cz/zdroj/číselníky/euraxess-vědní-obory/položky/284,284,Ostatní,Other
https://data.mff.cuni.cz/zdroj/číselníky/euraxess-vědní-obory,Obor - Euraxess,Euraxess Research Field,https://data.mff.cuni.cz/zdroj/číselníky/euraxess-vědní-obory/položky/285,285,Literatura ,Literature 
https://data.mff.cuni.cz/zdroj/číselníky/euraxess-vědní-obory,Obor - Euraxess,Euraxess Research Field,https://data.mff.cuni.cz/zdroj/číselníky/euraxess-vědní-obory/položky/286,286,Africká literatura,African literature
https://data.mff.cuni.cz/zdroj/číselníky/euraxess-vědní-obory,Obor - Euraxess,Euraxess Research Field,https://data.mff.cuni.cz/zdroj/číselníky/euraxess-vědní-obory/položky/287,287,Americká literatura,American literature
https://data.mff.cuni.cz/zdroj/číselníky/euraxess-vědní-obory,Obor - Euraxess,Euraxess Research Field,https://data.mff.cuni.cz/zdroj/číselníky/euraxess-vědní-obory/položky/288,288,Asijská literatura,Asian literature
https://data.mff.cuni.cz/zdroj/číselníky/euraxess-vědní-obory,Obor - Euraxess,Euraxess Research Field,https://data.mff.cuni.cz/zdroj/číselníky/euraxess-vědní-obory/položky/289,289,austronéská literatura,Austronesian literature
https://data.mff.cuni.cz/zdroj/číselníky/euraxess-vědní-obory,Obor - Euraxess,Euraxess Research Field,https://data.mff.cuni.cz/zdroj/číselníky/euraxess-vědní-obory/položky/29,29,Řemesla,Handicrafts
https://data.mff.cuni.cz/zdroj/číselníky/euraxess-vědní-obory,Obor - Euraxess,Euraxess Research Field,https://data.mff.cuni.cz/zdroj/číselníky/euraxess-vědní-obory/položky/290,290,Srovnávací literatura,Comparative literature
https://data.mff.cuni.cz/zdroj/číselníky/euraxess-vědní-obory,Obor - Euraxess,Euraxess Research Field,https://data.mff.cuni.cz/zdroj/číselníky/euraxess-vědní-obory/položky/291,291,Evropská literatura,European literature
https://data.mff.cuni.cz/zdroj/číselníky/euraxess-vědní-obory,Obor - Euraxess,Euraxess Research Field,https://data.mff.cuni.cz/zdroj/číselníky/euraxess-vědní-obory/položky/292,292,řecká literatura,Greek literature
https://data.mff.cuni.cz/zdroj/číselníky/euraxess-vědní-obory,Obor - Euraxess,Euraxess Research Field,https://data.mff.cuni.cz/zdroj/číselníky/euraxess-vědní-obory/položky/293,293,Hamito-semitská literatura,Hamito-semitic literature
https://data.mff.cuni.cz/zdroj/číselníky/euraxess-vědní-obory,Obor - Euraxess,Euraxess Research Field,https://data.mff.cuni.cz/zdroj/číselníky/euraxess-vědní-obory/položky/294,294,Literární kritika,Literary criticism
https://data.mff.cuni.cz/zdroj/číselníky/euraxess-vědní-obory,Obor - Euraxess,Euraxess Research Field,https://data.mff.cuni.cz/zdroj/číselníky/euraxess-vědní-obory/položky/295,295,Psaní,Writing
https://data.mff.cuni.cz/zdroj/číselníky/euraxess-vědní-obory,Obor - Euraxess,Euraxess Research Field,https://data.mff.cuni.cz/zdroj/číselníky/euraxess-vědní-obory/položky/296,296,Ostatní,Other
https://data.mff.cuni.cz/zdroj/číselníky/euraxess-vědní-obory,Obor - Euraxess,Euraxess Research Field,https://data.mff.cuni.cz/zdroj/číselníky/euraxess-vědní-obory/položky/297,297,Matematika,Mathematics
https://data.mff.cuni.cz/zdroj/číselníky/euraxess-vědní-obory,Obor - Euraxess,Euraxess Research Field,https://data.mff.cuni.cz/zdroj/číselníky/euraxess-vědní-obory/položky/298,298,Algebra,Algebra
https://data.mff.cuni.cz/zdroj/číselníky/euraxess-vědní-obory,Obor - Euraxess,Euraxess Research Field,https://data.mff.cuni.cz/zdroj/číselníky/euraxess-vědní-obory/položky/299,299,Algoritmy,Algorithms
https://data.mff.cuni.cz/zdroj/číselníky/euraxess-vědní-obory,Obor - Euraxess,Euraxess Research Field,https://data.mff.cuni.cz/zdroj/číselníky/euraxess-vědní-obory/položky/3,3,Agronomie,Agronomics
https://data.mff.cuni.cz/zdroj/číselníky/euraxess-vědní-obory,Obor - Euraxess,Euraxess Research Field,https://data.mff.cuni.cz/zdroj/číselníky/euraxess-vědní-obory/položky/30,30,Scénická umění,Performing arts
https://data.mff.cuni.cz/zdroj/číselníky/euraxess-vědní-obory,Obor - Euraxess,Euraxess Research Field,https://data.mff.cuni.cz/zdroj/číselníky/euraxess-vědní-obory/položky/300,300,Aplikovaná matematika,Applied mathematics
https://data.mff.cuni.cz/zdroj/číselníky/euraxess-vědní-obory,Obor - Euraxess,Euraxess Research Field,https://data.mff.cuni.cz/zdroj/číselníky/euraxess-vědní-obory/položky/301,301,Teorie chaosu,Chaos theory
https://data.mff.cuni.cz/zdroj/číselníky/euraxess-vědní-obory,Obor - Euraxess,Euraxess Research Field,https://data.mff.cuni.cz/zdroj/číselníky/euraxess-vědní-obory/položky/302,302,Kombinatorická analýza,Combinatorial analysis
https://data.mff.cuni.cz/zdroj/číselníky/euraxess-vědní-obory,Obor - Euraxess,Euraxess Research Field,https://data.mff.cuni.cz/zdroj/číselníky/euraxess-vědní-obory/položky/303,303,Výpočetní matematika,Computational mathematics
https://data.mff.cuni.cz/zdroj/číselníky/euraxess-vědní-obory,Obor - Euraxess,Euraxess Research Field,https://data.mff.cuni.cz/zdroj/číselníky/euraxess-vědní-obory/položky/304,304,Diskrétní matematika,Discrete mathematics
https://data.mff.cuni.cz/zdroj/číselníky/euraxess-vědní-obory,Obor - Euraxess,Euraxess Research Field,https://data.mff.cuni.cz/zdroj/číselníky/euraxess-vědní-obory/položky/305,305,Geometrie,Geometry
https://data.mff.cuni.cz/zdroj/číselníky/euraxess-vědní-obory,Obor - Euraxess,Euraxess Research Field,https://data.mff.cuni.cz/zdroj/číselníky/euraxess-vědní-obory/položky/306,306,Matematická analýza,Mathematical analysis
https://data.mff.cuni.cz/zdroj/číselníky/euraxess-vědní-obory,Obor - Euraxess,Euraxess Research Field,https://data.mff.cuni.cz/zdroj/číselníky/euraxess-vědní-obory/položky/307,307,Matematická logika,Mathematical logic
https://data.mff.cuni.cz/zdroj/číselníky/euraxess-vědní-obory,Obor - Euraxess,Euraxess Research Field,https://data.mff.cuni.cz/zdroj/číselníky/euraxess-vědní-obory/položky/308,308,Teorie čísel,Number theory
https://data.mff.cuni.cz/zdroj/číselníky/euraxess-vědní-obory,Obor - Euraxess,Euraxess Research Field,https://data.mff.cuni.cz/zdroj/číselníky/euraxess-vědní-obory/položky/309,309,Teorie pravděpodobnosti,Probability theory
https://data.mff.cuni.cz/zdroj/číselníky/euraxess-vědní-obory,Obor - Euraxess,Euraxess Research Field,https://data.mff.cuni.cz/zdroj/číselníky/euraxess-vědní-obory/položky/31,31,Výtvarné umění,Visual arts
https://data.mff.cuni.cz/zdroj/číselníky/euraxess-vědní-obory,Obor - Euraxess,Euraxess Research Field,https://data.mff.cuni.cz/zdroj/číselníky/euraxess-vědní-obory/položky/310,310,Statistika,Statistics
https://data.mff.cuni.cz/zdroj/číselníky/euraxess-vědní-obory,Obor - Euraxess,Euraxess Research Field,https://data.mff.cuni.cz/zdroj/číselníky/euraxess-vědní-obory/položky/311,311,Další,Other
https://data.mff.cuni.cz/zdroj/číselníky/euraxess-vědní-obory,Obor - Euraxess,Euraxess Research Field,https://data.mff.cuni.cz/zdroj/číselníky/euraxess-vědní-obory/položky/312,312,Lékařské vědy ,Medical sciences 
https://data.mff.cuni.cz/zdroj/číselníky/euraxess-vědní-obory,Obor - Euraxess,Euraxess Research Field,https://data.mff.cuni.cz/zdroj/číselníky/euraxess-vědní-obory/položky/313,313,Medicína,Medicine
https://data.mff.cuni.cz/zdroj/číselníky/euraxess-vědní-obory,Obor - Euraxess,Euraxess Research Field,https://data.mff.cuni.cz/zdroj/číselníky/euraxess-vědní-obory/položky/314,314,Veterinární medicína,Veterinary medicine
https://data.mff.cuni.cz/zdroj/číselníky/euraxess-vědní-obory,Obor - Euraxess,Euraxess Research Field,https://data.mff.cuni.cz/zdroj/číselníky/euraxess-vědní-obory/položky/315,315,Ostatní,Other
https://data.mff.cuni.cz/zdroj/číselníky/euraxess-vědní-obory,Obor - Euraxess,Euraxess Research Field,https://data.mff.cuni.cz/zdroj/číselníky/euraxess-vědní-obory/položky/316,316,Neurovědy,Neurosciences
https://data.mff.cuni.cz/zdroj/číselníky/euraxess-vědní-obory,Obor - Euraxess,Euraxess Research Field,https://data.mff.cuni.cz/zdroj/číselníky/euraxess-vědní-obory/položky/317,317,Neurobiologie,Neurobiology
https://data.mff.cuni.cz/zdroj/číselníky/euraxess-vědní-obory,Obor - Euraxess,Euraxess Research Field,https://data.mff.cuni.cz/zdroj/číselníky/euraxess-vědní-obory/položky/318,318,Neurochemie,Neurochemistry
https://data.mff.cuni.cz/zdroj/číselníky/euraxess-vědní-obory,Obor - Euraxess,Euraxess Research Field,https://data.mff.cuni.cz/zdroj/číselníky/euraxess-vědní-obory/položky/319,319,Neuroinformatika,Neuroinformatics
https://data.mff.cuni.cz/zdroj/číselníky/euraxess-vědní-obory,Obor - Euraxess,Euraxess Research Field,https://data.mff.cuni.cz/zdroj/číselníky/euraxess-vědní-obory/položky/32,32,Ostatní,Other
https://data.mff.cuni.cz/zdroj/číselníky/euraxess-vědní-obory,Obor - Euraxess,Euraxess Research Field,https://data.mff.cuni.cz/zdroj/číselníky/euraxess-vědní-obory/položky/320,320,Neurologie,Neurology
https://data.mff.cuni.cz/zdroj/číselníky/euraxess-vědní-obory,Obor - Euraxess,Euraxess Research Field,https://data.mff.cuni.cz/zdroj/číselníky/euraxess-vědní-obory/položky/321,321,Neurofyziologie,Neurophysiology
https://data.mff.cuni.cz/zdroj/číselníky/euraxess-vědní-obory,Obor - Euraxess,Euraxess Research Field,https://data.mff.cuni.cz/zdroj/číselníky/euraxess-vědní-obory/položky/322,322,Neuropsychologie,Neuropsychology
https://data.mff.cuni.cz/zdroj/číselníky/euraxess-vědní-obory,Obor - Euraxess,Euraxess Research Field,https://data.mff.cuni.cz/zdroj/číselníky/euraxess-vědní-obory/položky/323,323,Ostatní,Other
https://data.mff.cuni.cz/zdroj/číselníky/euraxess-vědní-obory,Obor - Euraxess,Euraxess Research Field,https://data.mff.cuni.cz/zdroj/číselníky/euraxess-vědní-obory/položky/324,324,Farmakologické vědy ,Pharmacological sciences 
https://data.mff.cuni.cz/zdroj/číselníky/euraxess-vědní-obory,Obor - Euraxess,Euraxess Research Field,https://data.mff.cuni.cz/zdroj/číselníky/euraxess-vědní-obory/položky/325,325,Kosmetologie,Cosmetology
https://data.mff.cuni.cz/zdroj/číselníky/euraxess-vědní-obory,Obor - Euraxess,Euraxess Research Field,https://data.mff.cuni.cz/zdroj/číselníky/euraxess-vědní-obory/položky/326,326,Farmakognozie,Pharmacognosy
https://data.mff.cuni.cz/zdroj/číselníky/euraxess-vědní-obory,Obor - Euraxess,Euraxess Research Field,https://data.mff.cuni.cz/zdroj/číselníky/euraxess-vědní-obory/položky/327,327,Farmacie,Pharmacy
https://data.mff.cuni.cz/zdroj/číselníky/euraxess-vědní-obory,Obor - Euraxess,Euraxess Research Field,https://data.mff.cuni.cz/zdroj/číselníky/euraxess-vědní-obory/položky/328,328,Toxikologie,Toxicology
https://data.mff.cuni.cz/zdroj/číselníky/euraxess-vědní-obory,Obor - Euraxess,Euraxess Research Field,https://data.mff.cuni.cz/zdroj/číselníky/euraxess-vědní-obory/položky/329,329,Veterinární farmakologie,Veterinary pharmacology
https://data.mff.cuni.cz/zdroj/číselníky/euraxess-vědní-obory,Obor - Euraxess,Euraxess Research Field,https://data.mff.cuni.cz/zdroj/číselníky/euraxess-vědní-obory/položky/33,33,Astronomie,Astronomy
https://data.mff.cuni.cz/zdroj/číselníky/euraxess-vědní-obory,Obor - Euraxess,Euraxess Research Field,https://data.mff.cuni.cz/zdroj/číselníky/euraxess-vědní-obory/položky/330,330,Ostatní,Other
https://data.mff.cuni.cz/zdroj/číselníky/euraxess-vědní-obory,Obor - Euraxess,Euraxess Research Field,https://data.mff.cuni.cz/zdroj/číselníky/euraxess-vědní-obory/položky/331,331,Filozofie,Philosophy
https://data.mff.cuni.cz/zdroj/číselníky/euraxess-vědní-obory,Obor - Euraxess,Euraxess Research Field,https://data.mff.cuni.cz/zdroj/číselníky/euraxess-vědní-obory/položky/332,332,Estetika,Aesthetics
https://data.mff.cuni.cz/zdroj/číselníky/euraxess-vědní-obory,Obor - Euraxess,Euraxess Research Field,https://data.mff.cuni.cz/zdroj/číselníky/euraxess-vědní-obory/položky/333,333,Epistemologie,Epistemology
https://data.mff.cuni.cz/zdroj/číselníky/euraxess-vědní-obory,Obor - Euraxess,Euraxess Research Field,https://data.mff.cuni.cz/zdroj/číselníky/euraxess-vědní-obory/položky/334,334,Etika,Ethics
https://data.mff.cuni.cz/zdroj/číselníky/euraxess-vědní-obory,Obor - Euraxess,Euraxess Research Field,https://data.mff.cuni.cz/zdroj/číselníky/euraxess-vědní-obory/položky/335,335,Logika,Logic
https://data.mff.cuni.cz/zdroj/číselníky/euraxess-vědní-obory,Obor - Euraxess,Euraxess Research Field,https://data.mff.cuni.cz/zdroj/číselníky/euraxess-vědní-obory/položky/336,336,Metafyzika,Metaphysics
https://data.mff.cuni.cz/zdroj/číselníky/euraxess-vědní-obory,Obor - Euraxess,Euraxess Research Field,https://data.mff.cuni.cz/zdroj/číselníky/euraxess-vědní-obory/položky/337,337,Fenomenologie,Phenomenology
https://data.mff.cuni.cz/zdroj/číselníky/euraxess-vědní-obory,Obor - Euraxess,Euraxess Research Field,https://data.mff.cuni.cz/zdroj/číselníky/euraxess-vědní-obory/položky/338,338,Filosofická antropologie,Philosophical anthropology
https://data.mff.cuni.cz/zdroj/číselníky/euraxess-vědní-obory,Obor - Euraxess,Euraxess Research Field,https://data.mff.cuni.cz/zdroj/číselníky/euraxess-vědní-obory/položky/339,339,Filosofie práva,Philosophy of law
https://data.mff.cuni.cz/zdroj/číselníky/euraxess-vědní-obory,Obor - Euraxess,Euraxess Research Field,https://data.mff.cuni.cz/zdroj/číselníky/euraxess-vědní-obory/položky/34,34,Astrofyzika,Astrophysics
https://data.mff.cuni.cz/zdroj/číselníky/euraxess-vědní-obory,Obor - Euraxess,Euraxess Research Field,https://data.mff.cuni.cz/zdroj/číselníky/euraxess-vědní-obory/položky/340,340,Filosofie vědy,Philosophy of science
https://data.mff.cuni.cz/zdroj/číselníky/euraxess-vědní-obory,Obor - Euraxess,Euraxess Research Field,https://data.mff.cuni.cz/zdroj/číselníky/euraxess-vědní-obory/položky/341,341,Sémiotika,Semiotics
https://data.mff.cuni.cz/zdroj/číselníky/euraxess-vědní-obory,Obor - Euraxess,Euraxess Research Field,https://data.mff.cuni.cz/zdroj/číselníky/euraxess-vědní-obory/položky/342,342,Systematická filozofie,Systematic philosophy
https://data.mff.cuni.cz/zdroj/číselníky/euraxess-vědní-obory,Obor - Euraxess,Euraxess Research Field,https://data.mff.cuni.cz/zdroj/číselníky/euraxess-vědní-obory/položky/343,343,Další,Other
https://data.mff.cuni.cz/zdroj/číselníky/euraxess-vědní-obory,Obor - Euraxess,Euraxess Research Field,https://data.mff.cuni.cz/zdroj/číselníky/euraxess-vědní-obory/položky/344,344,Fyzika,Physics
https://data.mff.cuni.cz/zdroj/číselníky/euraxess-vědní-obory,Obor - Euraxess,Euraxess Research Field,https://data.mff.cuni.cz/zdroj/číselníky/euraxess-vědní-obory/položky/345,345,Akustika,Acoustics
https://data.mff.cuni.cz/zdroj/číselníky/euraxess-vědní-obory,Obor - Euraxess,Euraxess Research Field,https://data.mff.cuni.cz/zdroj/číselníky/euraxess-vědní-obory/položky/346,346,Aplikovaná fyzika,Applied physics
https://data.mff.cuni.cz/zdroj/číselníky/euraxess-vědní-obory,Obor - Euraxess,Euraxess Research Field,https://data.mff.cuni.cz/zdroj/číselníky/euraxess-vědní-obory/položky/347,347,Biofyzika,Biophysics
https://data.mff.cuni.cz/zdroj/číselníky/euraxess-vědní-obory,Obor - Euraxess,Euraxess Research Field,https://data.mff.cuni.cz/zdroj/číselníky/euraxess-vědní-obory/položky/348,348,Chemická fyzika,Chemical physics
https://data.mff.cuni.cz/zdroj/číselníky/euraxess-vědní-obory,Obor - Euraxess,Euraxess Research Field,https://data.mff.cuni.cz/zdroj/číselníky/euraxess-vědní-obory/položky/349,349,Klasická mechanika,Classical mechanics
https://data.mff.cuni.cz/zdroj/číselníky/euraxess-vědní-obory,Obor - Euraxess,Euraxess Research Field,https://data.mff.cuni.cz/zdroj/číselníky/euraxess-vědní-obory/položky/35,35,Kosmologie,Cosmology
https://data.mff.cuni.cz/zdroj/číselníky/euraxess-vědní-obory,Obor - Euraxess,Euraxess Research Field,https://data.mff.cuni.cz/zdroj/číselníky/euraxess-vědní-obory/položky/350,350,Výpočetní fyzika,Computational physics
https://data.mff.cuni.cz/zdroj/číselníky/euraxess-vědní-obory,Obor - Euraxess,Euraxess Research Field,https://data.mff.cuni.cz/zdroj/číselníky/euraxess-vědní-obory/položky/351,351,Vlastnosti kondenzované hmoty,Condensed matter properties
https://data.mff.cuni.cz/zdroj/číselníky/euraxess-vědní-obory,Obor - Euraxess,Euraxess Research Field,https://data.mff.cuni.cz/zdroj/číselníky/euraxess-vědní-obory/položky/352,352,Elektromagnetismus,Electromagnetism
https://data.mff.cuni.cz/zdroj/číselníky/euraxess-vědní-obory,Obor - Euraxess,Euraxess Research Field,https://data.mff.cuni.cz/zdroj/číselníky/euraxess-vědní-obory/položky/353,353,Elektronika,Electronics
https://data.mff.cuni.cz/zdroj/číselníky/euraxess-vědní-obory,Obor - Euraxess,Euraxess Research Field,https://data.mff.cuni.cz/zdroj/číselníky/euraxess-vědní-obory/položky/354,354,Matematická fyzika,Mathematical physics
https://data.mff.cuni.cz/zdroj/číselníky/euraxess-vědní-obory,Obor - Euraxess,Euraxess Research Field,https://data.mff.cuni.cz/zdroj/číselníky/euraxess-vědní-obory/položky/355,355,Metrologie,Metrology
https://data.mff.cuni.cz/zdroj/číselníky/euraxess-vědní-obory,Obor - Euraxess,Euraxess Research Field,https://data.mff.cuni.cz/zdroj/číselníky/euraxess-vědní-obory/položky/356,356,Neutronová fyzika,Neutron physics
https://data.mff.cuni.cz/zdroj/číselníky/euraxess-vědní-obory,Obor - Euraxess,Euraxess Research Field,https://data.mff.cuni.cz/zdroj/číselníky/euraxess-vědní-obory/položky/357,357,Optika,Optics
https://data.mff.cuni.cz/zdroj/číselníky/euraxess-vědní-obory,Obor - Euraxess,Euraxess Research Field,https://data.mff.cuni.cz/zdroj/číselníky/euraxess-vědní-obory/položky/358,358,Kvantová mechanika,Quantum mechanics
https://data.mff.cuni.cz/zdroj/číselníky/euraxess-vědní-obory,Obor - Euraxess,Euraxess Research Field,https://data.mff.cuni.cz/zdroj/číselníky/euraxess-vědní-obory/položky/359,359,Relativita,Relativity
https://data.mff.cuni.cz/zdroj/číselníky/euraxess-vědní-obory,Obor - Euraxess,Euraxess Research Field,https://data.mff.cuni.cz/zdroj/číselníky/euraxess-vědní-obory/položky/36,36,Ostatní,Other
https://data.mff.cuni.cz/zdroj/číselníky/euraxess-vědní-obory,Obor - Euraxess,Euraxess Research Field,https://data.mff.cuni.cz/zdroj/číselníky/euraxess-vědní-obory/položky/360,360,Fyzika pevných látek,Solid state physics
https://data.mff.cuni.cz/zdroj/číselníky/euraxess-vědní-obory,Obor - Euraxess,Euraxess Research Field,https://data.mff.cuni.cz/zdroj/číselníky/euraxess-vědní-obory/položky/361,361,Statika,Statics
https://data.mff.cuni.cz/zdroj/číselníky/euraxess-vědní-obory,Obor - Euraxess,Euraxess Research Field,https://data.mff.cuni.cz/zdroj/číselníky/euraxess-vědní-obory/položky/362,362,Statistická fyzika,Statistical physics
https://data.mff.cuni.cz/zdroj/číselníky/euraxess-vědní-obory,Obor - Euraxess,Euraxess Research Field,https://data.mff.cuni.cz/zdroj/číselníky/euraxess-vědní-obory/položky/363,363,Fyzika povrchů,Surface physics
https://data.mff.cuni.cz/zdroj/číselníky/euraxess-vědní-obory,Obor - Euraxess,Euraxess Research Field,https://data.mff.cuni.cz/zdroj/číselníky/euraxess-vědní-obory/položky/364,364,Termodynamika,Thermodynamics
https://data.mff.cuni.cz/zdroj/číselníky/euraxess-vědní-obory,Obor - Euraxess,Euraxess Research Field,https://data.mff.cuni.cz/zdroj/číselníky/euraxess-vědní-obory/položky/365,365,Další,Other
https://data.mff.cuni.cz/zdroj/číselníky/euraxess-vědní-obory,Obor - Euraxess,Euraxess Research Field,https://data.mff.cuni.cz/zdroj/číselníky/euraxess-vědní-obory/položky/366,366,Politické vědy,Political sciences
https://data.mff.cuni.cz/zdroj/číselníky/euraxess-vědní-obory,Obor - Euraxess,Euraxess Research Field,https://data.mff.cuni.cz/zdroj/číselníky/euraxess-vědní-obory/položky/367,367,Správa věcí veřejných,Governance
https://data.mff.cuni.cz/zdroj/číselníky/euraxess-vědní-obory,Obor - Euraxess,Euraxess Research Field,https://data.mff.cuni.cz/zdroj/číselníky/euraxess-vědní-obory/položky/368,368,Politická studia,Policy studies
https://data.mff.cuni.cz/zdroj/číselníky/euraxess-vědní-obory,Obor - Euraxess,Euraxess Research Field,https://data.mff.cuni.cz/zdroj/číselníky/euraxess-vědní-obory/položky/369,369,Povědomí veřejnosti o vědě,Public awareness of science
https://data.mff.cuni.cz/zdroj/číselníky/euraxess-vědní-obory,Obor - Euraxess,Euraxess Research Field,https://data.mff.cuni.cz/zdroj/číselníky/euraxess-vědní-obory/položky/37,37,Biologické vědy ,Biological sciences 
https://data.mff.cuni.cz/zdroj/číselníky/euraxess-vědní-obory,Obor - Euraxess,Euraxess Research Field,https://data.mff.cuni.cz/zdroj/číselníky/euraxess-vědní-obory/položky/370,370,Veřejná politika,Public policy
https://data.mff.cuni.cz/zdroj/číselníky/euraxess-vědní-obory,Obor - Euraxess,Euraxess Research Field,https://data.mff.cuni.cz/zdroj/číselníky/euraxess-vědní-obory/položky/371,371,Věda a společnost,Science and society
https://data.mff.cuni.cz/zdroj/číselníky/euraxess-vědní-obory,Obor - Euraxess,Euraxess Research Field,https://data.mff.cuni.cz/zdroj/číselníky/euraxess-vědní-obory/položky/372,372,Další,Other
https://data.mff.cuni.cz/zdroj/číselníky/euraxess-vědní-obory,Obor - Euraxess,Euraxess Research Field,https://data.mff.cuni.cz/zdroj/číselníky/euraxess-vědní-obory/položky/373,373,Psychologické vědy,Psychological sciences
https://data.mff.cuni.cz/zdroj/číselníky/euraxess-vědní-obory,Obor - Euraxess,Euraxess Research Field,https://data.mff.cuni.cz/zdroj/číselníky/euraxess-vědní-obory/položky/374,374,Behaviorální vědy,Behavioural sciences
https://data.mff.cuni.cz/zdroj/číselníky/euraxess-vědní-obory,Obor - Euraxess,Euraxess Research Field,https://data.mff.cuni.cz/zdroj/číselníky/euraxess-vědní-obory/položky/375,375,Kognitivní vědy,Cognitive science
https://data.mff.cuni.cz/zdroj/číselníky/euraxess-vědní-obory,Obor - Euraxess,Euraxess Research Field,https://data.mff.cuni.cz/zdroj/číselníky/euraxess-vědní-obory/položky/376,376,Psychoanalytické studie,Psychoanalytic studies
https://data.mff.cuni.cz/zdroj/číselníky/euraxess-vědní-obory,Obor - Euraxess,Euraxess Research Field,https://data.mff.cuni.cz/zdroj/číselníky/euraxess-vědní-obory/položky/377,377,Psychologie,Psychology
https://data.mff.cuni.cz/zdroj/číselníky/euraxess-vědní-obory,Obor - Euraxess,Euraxess Research Field,https://data.mff.cuni.cz/zdroj/číselníky/euraxess-vědní-obory/položky/378,378,Ostatní,Other
https://data.mff.cuni.cz/zdroj/číselníky/euraxess-vědní-obory,Obor - Euraxess,Euraxess Research Field,https://data.mff.cuni.cz/zdroj/číselníky/euraxess-vědní-obory/položky/379,379,Náboženské vědy,Religious sciences
https://data.mff.cuni.cz/zdroj/číselníky/euraxess-vědní-obory,Obor - Euraxess,Euraxess Research Field,https://data.mff.cuni.cz/zdroj/číselníky/euraxess-vědní-obory/položky/38,38,Biodiverzita,Biodiversity
https://data.mff.cuni.cz/zdroj/číselníky/euraxess-vědní-obory,Obor - Euraxess,Euraxess Research Field,https://data.mff.cuni.cz/zdroj/číselníky/euraxess-vědní-obory/položky/380,380,Biblická studia,Biblical studies
https://data.mff.cuni.cz/zdroj/číselníky/euraxess-vědní-obory,Obor - Euraxess,Euraxess Research Field,https://data.mff.cuni.cz/zdroj/číselníky/euraxess-vědní-obory/položky/381,381,Církevní studia,Church studies
https://data.mff.cuni.cz/zdroj/číselníky/euraxess-vědní-obory,Obor - Euraxess,Euraxess Research Field,https://data.mff.cuni.cz/zdroj/číselníky/euraxess-vědní-obory/položky/382,382,Srovnávací náboženství,Comparative religion
https://data.mff.cuni.cz/zdroj/číselníky/euraxess-vědní-obory,Obor - Euraxess,Euraxess Research Field,https://data.mff.cuni.cz/zdroj/číselníky/euraxess-vědní-obory/položky/383,383,Nekřesťanská náboženství,Non-Christian religions
https://data.mff.cuni.cz/zdroj/číselníky/euraxess-vědní-obory,Obor - Euraxess,Euraxess Research Field,https://data.mff.cuni.cz/zdroj/číselníky/euraxess-vědní-obory/položky/384,384,Pastorační studia,Pastoral studies
https://data.mff.cuni.cz/zdroj/číselníky/euraxess-vědní-obory,Obor - Euraxess,Euraxess Research Field,https://data.mff.cuni.cz/zdroj/číselníky/euraxess-vědní-obory/položky/385,385,Teologie,Theology
https://data.mff.cuni.cz/zdroj/číselníky/euraxess-vědní-obory,Obor - Euraxess,Euraxess Research Field,https://data.mff.cuni.cz/zdroj/číselníky/euraxess-vědní-obory/položky/386,386,Ostatní,Other
https://data.mff.cuni.cz/zdroj/číselníky/euraxess-vědní-obory,Obor - Euraxess,Euraxess Research Field,https://data.mff.cuni.cz/zdroj/číselníky/euraxess-vědní-obory/položky/387,387,Sociologie,Sociology
https://data.mff.cuni.cz/zdroj/číselníky/euraxess-vědní-obory,Obor - Euraxess,Euraxess Research Field,https://data.mff.cuni.cz/zdroj/číselníky/euraxess-vědní-obory/položky/388,388,Sociologie výchovy,Educational sociology
https://data.mff.cuni.cz/zdroj/číselníky/euraxess-vědní-obory,Obor - Euraxess,Euraxess Research Field,https://data.mff.cuni.cz/zdroj/číselníky/euraxess-vědní-obory/položky/389,389,Makrosociologie,Macrosociology
https://data.mff.cuni.cz/zdroj/číselníky/euraxess-vědní-obory,Obor - Euraxess,Euraxess Research Field,https://data.mff.cuni.cz/zdroj/číselníky/euraxess-vědní-obory/položky/39,39,Biologické inženýrství,Biological engineering
https://data.mff.cuni.cz/zdroj/číselníky/euraxess-vědní-obory,Obor - Euraxess,Euraxess Research Field,https://data.mff.cuni.cz/zdroj/číselníky/euraxess-vědní-obory/položky/390,390,Sociologie venkova,Rural sociology
https://data.mff.cuni.cz/zdroj/číselníky/euraxess-vědní-obory,Obor - Euraxess,Euraxess Research Field,https://data.mff.cuni.cz/zdroj/číselníky/euraxess-vědní-obory/položky/391,391,Sociální změny,Social changes
https://data.mff.cuni.cz/zdroj/číselníky/euraxess-vědní-obory,Obor - Euraxess,Euraxess Research Field,https://data.mff.cuni.cz/zdroj/číselníky/euraxess-vědní-obory/položky/392,392,Sociální utváření technologií,Social shaping of technology
https://data.mff.cuni.cz/zdroj/číselníky/euraxess-vědní-obory,Obor - Euraxess,Euraxess Research Field,https://data.mff.cuni.cz/zdroj/číselníky/euraxess-vědní-obory/položky/393,393,Společenské chování,Societal behaviour
https://data.mff.cuni.cz/zdroj/číselníky/euraxess-vědní-obory,Obor - Euraxess,Euraxess Research Field,https://data.mff.cuni.cz/zdroj/číselníky/euraxess-vědní-obory/položky/394,394,Sociálně-ekonomický výzkum,Socio-economic research
https://data.mff.cuni.cz/zdroj/číselníky/euraxess-vědní-obory,Obor - Euraxess,Euraxess Research Field,https://data.mff.cuni.cz/zdroj/číselníky/euraxess-vědní-obory/položky/395,395,Sociologie podnikání,Sociology of enterprise
https://data.mff.cuni.cz/zdroj/číselníky/euraxess-vědní-obory,Obor - Euraxess,Euraxess Research Field,https://data.mff.cuni.cz/zdroj/číselníky/euraxess-vědní-obory/položky/396,396,Sociologie práce,Sociology of labour
https://data.mff.cuni.cz/zdroj/číselníky/euraxess-vědní-obory,Obor - Euraxess,Euraxess Research Field,https://data.mff.cuni.cz/zdroj/číselníky/euraxess-vědní-obory/položky/397,397,Sociologie náboženství,Sociology of religion
https://data.mff.cuni.cz/zdroj/číselníky/euraxess-vědní-obory,Obor - Euraxess,Euraxess Research Field,https://data.mff.cuni.cz/zdroj/číselníky/euraxess-vědní-obory/položky/398,398,Sociologie měst,Urban sociology
https://data.mff.cuni.cz/zdroj/číselníky/euraxess-vědní-obory,Obor - Euraxess,Euraxess Research Field,https://data.mff.cuni.cz/zdroj/číselníky/euraxess-vědní-obory/položky/399,399,Ostatní,Other
https://data.mff.cuni.cz/zdroj/číselníky/euraxess-vědní-obory,Obor - Euraxess,Euraxess Research Field,https://data.mff.cuni.cz/zdroj/číselníky/euraxess-vědní-obory/položky/4,4,Enologie,Enology
https://data.mff.cuni.cz/zdroj/číselníky/euraxess-vědní-obory,Obor - Euraxess,Euraxess Research Field,https://data.mff.cuni.cz/zdroj/číselníky/euraxess-vědní-obory/položky/40,40,Biologie,Biology
https://data.mff.cuni.cz/zdroj/číselníky/euraxess-vědní-obory,Obor - Euraxess,Euraxess Research Field,https://data.mff.cuni.cz/zdroj/číselníky/euraxess-vědní-obory/položky/400,400,Technologie,Technology
https://data.mff.cuni.cz/zdroj/číselníky/euraxess-vědní-obory,Obor - Euraxess,Euraxess Research Field,https://data.mff.cuni.cz/zdroj/číselníky/euraxess-vědní-obory/položky/401,401,Biotechnologie,Biotechnology
https://data.mff.cuni.cz/zdroj/číselníky/euraxess-vědní-obory,Obor - Euraxess,Euraxess Research Field,https://data.mff.cuni.cz/zdroj/číselníky/euraxess-vědní-obory/položky/402,402,Chemická technologie,Chemical technology
https://data.mff.cuni.cz/zdroj/číselníky/euraxess-vědní-obory,Obor - Euraxess,Euraxess Research Field,https://data.mff.cuni.cz/zdroj/číselníky/euraxess-vědní-obory/položky/403,403,Komunikační technologie,Communication technology
https://data.mff.cuni.cz/zdroj/číselníky/euraxess-vědní-obory,Obor - Euraxess,Euraxess Research Field,https://data.mff.cuni.cz/zdroj/číselníky/euraxess-vědní-obory/položky/404,404,Výpočetní technika,Computer technology
https://data.mff.cuni.cz/zdroj/číselníky/euraxess-vědní-obory,Obor - Euraxess,Euraxess Research Field,https://data.mff.cuni.cz/zdroj/číselníky/euraxess-vědní-obory/položky/405,405,Stavební technologie,Construction technology
https://data.mff.cuni.cz/zdroj/číselníky/euraxess-vědní-obory,Obor - Euraxess,Euraxess Research Field,https://data.mff.cuni.cz/zdroj/číselníky/euraxess-vědní-obory/položky/406,406,Datové techniky,Dating techniques
https://data.mff.cuni.cz/zdroj/číselníky/euraxess-vědní-obory,Obor - Euraxess,Euraxess Research Field,https://data.mff.cuni.cz/zdroj/číselníky/euraxess-vědní-obory/položky/407,407,Elektrotechnika,Electrical technology
https://data.mff.cuni.cz/zdroj/číselníky/euraxess-vědní-obory,Obor - Euraxess,Euraxess Research Field,https://data.mff.cuni.cz/zdroj/číselníky/euraxess-vědní-obory/položky/408,408,Energetické technologie,Energy technology
https://data.mff.cuni.cz/zdroj/číselníky/euraxess-vědní-obory,Obor - Euraxess,Euraxess Research Field,https://data.mff.cuni.cz/zdroj/číselníky/euraxess-vědní-obory/položky/409,409,Technologie ochrany životního prostředí,Environmental technology
https://data.mff.cuni.cz/zdroj/číselníky/euraxess-vědní-obory,Obor - Euraxess,Euraxess Research Field,https://data.mff.cuni.cz/zdroj/číselníky/euraxess-vědní-obory/položky/41,41,Botanika,Botany
https://data.mff.cuni.cz/zdroj/číselníky/euraxess-vědní-obory,Obor - Euraxess,Euraxess Research Field,https://data.mff.cuni.cz/zdroj/číselníky/euraxess-vědní-obory/položky/410,410,Technologie budoucnosti,Future technology
https://data.mff.cuni.cz/zdroj/číselníky/euraxess-vědní-obory,Obor - Euraxess,Euraxess Research Field,https://data.mff.cuni.cz/zdroj/číselníky/euraxess-vědní-obory/položky/411,411,Grafické techniky,Graphic techniques
https://data.mff.cuni.cz/zdroj/číselníky/euraxess-vědní-obory,Obor - Euraxess,Euraxess Research Field,https://data.mff.cuni.cz/zdroj/číselníky/euraxess-vědní-obory/položky/412,412,Technologie vysokého vakua,High vacuum technology
https://data.mff.cuni.cz/zdroj/číselníky/euraxess-vědní-obory,Obor - Euraxess,Euraxess Research Field,https://data.mff.cuni.cz/zdroj/číselníky/euraxess-vědní-obory/položky/413,413,Průmyslová technologie,Industrial technology
https://data.mff.cuni.cz/zdroj/číselníky/euraxess-vědní-obory,Obor - Euraxess,Euraxess Research Field,https://data.mff.cuni.cz/zdroj/číselníky/euraxess-vědní-obory/položky/414,414,Informační technologie,Information technology
https://data.mff.cuni.cz/zdroj/číselníky/euraxess-vědní-obory,Obor - Euraxess,Euraxess Research Field,https://data.mff.cuni.cz/zdroj/číselníky/euraxess-vědní-obory/položky/415,415,Přístrojová technika,Instrumentation technology
https://data.mff.cuni.cz/zdroj/číselníky/euraxess-vědní-obory,Obor - Euraxess,Euraxess Research Field,https://data.mff.cuni.cz/zdroj/číselníky/euraxess-vědní-obory/položky/416,416,Technologie rozhraní,Interface technology
https://data.mff.cuni.cz/zdroj/číselníky/euraxess-vědní-obory,Obor - Euraxess,Euraxess Research Field,https://data.mff.cuni.cz/zdroj/číselníky/euraxess-vědní-obory/položky/417,417,Internetové technologie,Internet technology
https://data.mff.cuni.cz/zdroj/číselníky/euraxess-vědní-obory,Obor - Euraxess,Euraxess Research Field,https://data.mff.cuni.cz/zdroj/číselníky/euraxess-vědní-obory/položky/418,418,Znalostní technologie,Knowledge technology
https://data.mff.cuni.cz/zdroj/číselníky/euraxess-vědní-obory,Obor - Euraxess,Euraxess Research Field,https://data.mff.cuni.cz/zdroj/číselníky/euraxess-vědní-obory/položky/419,419,Laboratorní technologie,Laboratory technology
https://data.mff.cuni.cz/zdroj/číselníky/euraxess-vědní-obory,Obor - Euraxess,Euraxess Research Field,https://data.mff.cuni.cz/zdroj/číselníky/euraxess-vědní-obory/položky/42,42,Věda o laboratorních zvířatech,Laboratory animal science
https://data.mff.cuni.cz/zdroj/číselníky/euraxess-vědní-obory,Obor - Euraxess,Euraxess Research Field,https://data.mff.cuni.cz/zdroj/číselníky/euraxess-vědní-obory/položky/420,420,Námořní technologie,Marine technology
https://data.mff.cuni.cz/zdroj/číselníky/euraxess-vědní-obory,Obor - Euraxess,Euraxess Research Field,https://data.mff.cuni.cz/zdroj/číselníky/euraxess-vědní-obory/položky/421,421,Materiálová technologie,Materials technology
https://data.mff.cuni.cz/zdroj/číselníky/euraxess-vědní-obory,Obor - Euraxess,Euraxess Research Field,https://data.mff.cuni.cz/zdroj/číselníky/euraxess-vědní-obory/položky/422,422,Technologie měření,Measurement technology
https://data.mff.cuni.cz/zdroj/číselníky/euraxess-vědní-obory,Obor - Euraxess,Euraxess Research Field,https://data.mff.cuni.cz/zdroj/číselníky/euraxess-vědní-obory/položky/423,423,Zdravotnická technika,Medical technology
https://data.mff.cuni.cz/zdroj/číselníky/euraxess-vědní-obory,Obor - Euraxess,Euraxess Research Field,https://data.mff.cuni.cz/zdroj/číselníky/euraxess-vědní-obory/položky/424,424,Mikrotechnologie,Micro-technology
https://data.mff.cuni.cz/zdroj/číselníky/euraxess-vědní-obory,Obor - Euraxess,Euraxess Research Field,https://data.mff.cuni.cz/zdroj/číselníky/euraxess-vědní-obory/položky/425,425,Vojenské technologie,Military technology
https://data.mff.cuni.cz/zdroj/číselníky/euraxess-vědní-obory,Obor - Euraxess,Euraxess Research Field,https://data.mff.cuni.cz/zdroj/číselníky/euraxess-vědní-obory/položky/426,426,Těžba,Mining
https://data.mff.cuni.cz/zdroj/číselníky/euraxess-vědní-obory,Obor - Euraxess,Euraxess Research Field,https://data.mff.cuni.cz/zdroj/číselníky/euraxess-vědní-obory/položky/427,427,Nanotechnologie,Nanotechnology
https://data.mff.cuni.cz/zdroj/číselníky/euraxess-vědní-obory,Obor - Euraxess,Euraxess Research Field,https://data.mff.cuni.cz/zdroj/číselníky/euraxess-vědní-obory/položky/428,428,Jaderné technologie,Nuclear technology
https://data.mff.cuni.cz/zdroj/číselníky/euraxess-vědní-obory,Obor - Euraxess,Euraxess Research Field,https://data.mff.cuni.cz/zdroj/číselníky/euraxess-vědní-obory/položky/429,429,Optronika,Optronics
https://data.mff.cuni.cz/zdroj/číselníky/euraxess-vědní-obory,Obor - Euraxess,Euraxess Research Field,https://data.mff.cuni.cz/zdroj/číselníky/euraxess-vědní-obory/položky/43,43,Vědy o výživě,Nutritional sciences
https://data.mff.cuni.cz/zdroj/číselníky/euraxess-vědní-obory,Obor - Euraxess,Euraxess Research Field,https://data.mff.cuni.cz/zdroj/číselníky/euraxess-vědní-obory/položky/430,430,Farmaceutické technologie,Pharmaceutical technology
https://data.mff.cuni.cz/zdroj/číselníky/euraxess-vědní-obory,Obor - Euraxess,Euraxess Research Field,https://data.mff.cuni.cz/zdroj/číselníky/euraxess-vědní-obory/položky/431,431,Výrobní technologie,Production technology
https://data.mff.cuni.cz/zdroj/číselníky/euraxess-vědní-obory,Obor - Euraxess,Euraxess Research Field,https://data.mff.cuni.cz/zdroj/číselníky/euraxess-vědní-obory/položky/432,432,Kvantová technologie,Quantum technology
https://data.mff.cuni.cz/zdroj/číselníky/euraxess-vědní-obory,Obor - Euraxess,Euraxess Research Field,https://data.mff.cuni.cz/zdroj/číselníky/euraxess-vědní-obory/položky/433,433,Dálkový průzkum,Remote sensing
https://data.mff.cuni.cz/zdroj/číselníky/euraxess-vědní-obory,Obor - Euraxess,Euraxess Research Field,https://data.mff.cuni.cz/zdroj/číselníky/euraxess-vědní-obory/položky/434,434,Bezpečnostní technologie,Safety technology
https://data.mff.cuni.cz/zdroj/číselníky/euraxess-vědní-obory,Obor - Euraxess,Euraxess Research Field,https://data.mff.cuni.cz/zdroj/číselníky/euraxess-vědní-obory/položky/435,435,Zvuková technologie,Sound technology
https://data.mff.cuni.cz/zdroj/číselníky/euraxess-vědní-obory,Obor - Euraxess,Euraxess Research Field,https://data.mff.cuni.cz/zdroj/číselníky/euraxess-vědní-obory/položky/436,436,Vesmírná technologie,Space technology
https://data.mff.cuni.cz/zdroj/číselníky/euraxess-vědní-obory,Obor - Euraxess,Euraxess Research Field,https://data.mff.cuni.cz/zdroj/číselníky/euraxess-vědní-obory/položky/437,437,Standardizace technologií,Standardisation of technologies
https://data.mff.cuni.cz/zdroj/číselníky/euraxess-vědní-obory,Obor - Euraxess,Euraxess Research Field,https://data.mff.cuni.cz/zdroj/číselníky/euraxess-vědní-obory/položky/438,438,Telekomunikační technologie,Telecommunications technology
https://data.mff.cuni.cz/zdroj/číselníky/euraxess-vědní-obory,Obor - Euraxess,Euraxess Research Field,https://data.mff.cuni.cz/zdroj/číselníky/euraxess-vědní-obory/položky/439,439,Dopravní technologie,Transport technology
https://data.mff.cuni.cz/zdroj/číselníky/euraxess-vědní-obory,Obor - Euraxess,Euraxess Research Field,https://data.mff.cuni.cz/zdroj/číselníky/euraxess-vědní-obory/položky/44,44,Zoologie,Zoology
https://data.mff.cuni.cz/zdroj/číselníky/euraxess-vědní-obory,Obor - Euraxess,Euraxess Research Field,https://data.mff.cuni.cz/zdroj/číselníky/euraxess-vědní-obory/položky/440,440,Vakuová technologie,Vacuum technology
https://data.mff.cuni.cz/zdroj/číselníky/euraxess-vědní-obory,Obor - Euraxess,Euraxess Research Field,https://data.mff.cuni.cz/zdroj/číselníky/euraxess-vědní-obory/položky/441,441,Vodní technologie,Water technology
https://data.mff.cuni.cz/zdroj/číselníky/euraxess-vědní-obory,Obor - Euraxess,Euraxess Research Field,https://data.mff.cuni.cz/zdroj/číselníky/euraxess-vědní-obory/položky/442,442,Ostatní,Other
https://data.mff.cuni.cz/zdroj/číselníky/euraxess-vědní-obory,Obor - Euraxess,Euraxess Research Field,https://data.mff.cuni.cz/zdroj/číselníky/euraxess-vědní-obory/položky/45,45,Ostatní,Other
https://data.mff.cuni.cz/zdroj/číselníky/euraxess-vědní-obory,Obor - Euraxess,Euraxess Research Field,https://data.mff.cuni.cz/zdroj/číselníky/euraxess-vědní-obory/položky/46,46,Chemie ,Chemistry 
https://data.mff.cuni.cz/zdroj/číselníky/euraxess-vědní-obory,Obor - Euraxess,Euraxess Research Field,https://data.mff.cuni.cz/zdroj/číselníky/euraxess-vědní-obory/položky/47,47,Analytická chemie,Analytical chemistry
https://data.mff.cuni.cz/zdroj/číselníky/euraxess-vědní-obory,Obor - Euraxess,Euraxess Research Field,https://data.mff.cuni.cz/zdroj/číselníky/euraxess-vědní-obory/položky/48,48,Aplikovaná chemie,Applied chemistry
https://data.mff.cuni.cz/zdroj/číselníky/euraxess-vědní-obory,Obor - Euraxess,Euraxess Research Field,https://data.mff.cuni.cz/zdroj/číselníky/euraxess-vědní-obory/položky/49,49,Biochemie,Biochemistry
https://data.mff.cuni.cz/zdroj/číselníky/euraxess-vědní-obory,Obor - Euraxess,Euraxess Research Field,https://data.mff.cuni.cz/zdroj/číselníky/euraxess-vědní-obory/položky/5,5,Lesnické vědy,Forest sciences
https://data.mff.cuni.cz/zdroj/číselníky/euraxess-vědní-obory,Obor - Euraxess,Euraxess Research Field,https://data.mff.cuni.cz/zdroj/číselníky/euraxess-vědní-obory/položky/50,50,Kombinatorická chemie,Combinatorial chemistry
https://data.mff.cuni.cz/zdroj/číselníky/euraxess-vědní-obory,Obor - Euraxess,Euraxess Research Field,https://data.mff.cuni.cz/zdroj/číselníky/euraxess-vědní-obory/položky/51,51,Výpočetní chemie,Computational chemistry
https://data.mff.cuni.cz/zdroj/číselníky/euraxess-vědní-obory,Obor - Euraxess,Euraxess Research Field,https://data.mff.cuni.cz/zdroj/číselníky/euraxess-vědní-obory/položky/52,52,Heterogenní katalýza,Heterogeneous catalysis
https://data.mff.cuni.cz/zdroj/číselníky/euraxess-vědní-obory,Obor - Euraxess,Euraxess Research Field,https://data.mff.cuni.cz/zdroj/číselníky/euraxess-vědní-obory/položky/53,53,Homogenní katalýza,Homogeneous catalysis
https://data.mff.cuni.cz/zdroj/číselníky/euraxess-vědní-obory,Obor - Euraxess,Euraxess Research Field,https://data.mff.cuni.cz/zdroj/číselníky/euraxess-vědní-obory/položky/54,54,Anorganická chemie,Inorganic chemistry
https://data.mff.cuni.cz/zdroj/číselníky/euraxess-vědní-obory,Obor - Euraxess,Euraxess Research Field,https://data.mff.cuni.cz/zdroj/číselníky/euraxess-vědní-obory/položky/55,55,Instrumentální analýza,Instrumental analysis
https://data.mff.cuni.cz/zdroj/číselníky/euraxess-vědní-obory,Obor - Euraxess,Euraxess Research Field,https://data.mff.cuni.cz/zdroj/číselníky/euraxess-vědní-obory/položky/56,56,Instrumentální techniky,Instrumental techniques
https://data.mff.cuni.cz/zdroj/číselníky/euraxess-vědní-obory,Obor - Euraxess,Euraxess Research Field,https://data.mff.cuni.cz/zdroj/číselníky/euraxess-vědní-obory/položky/57,57,Molekulární chemie,Molecular chemistry
https://data.mff.cuni.cz/zdroj/číselníky/euraxess-vědní-obory,Obor - Euraxess,Euraxess Research Field,https://data.mff.cuni.cz/zdroj/číselníky/euraxess-vědní-obory/položky/58,58,Organická chemie,Organic chemistry
https://data.mff.cuni.cz/zdroj/číselníky/euraxess-vědní-obory,Obor - Euraxess,Euraxess Research Field,https://data.mff.cuni.cz/zdroj/číselníky/euraxess-vědní-obory/položky/59,59,Fyzikální chemie,Physical chemistry
https://data.mff.cuni.cz/zdroj/číselníky/euraxess-vědní-obory,Obor - Euraxess,Euraxess Research Field,https://data.mff.cuni.cz/zdroj/číselníky/euraxess-vědní-obory/položky/6,6,Fytotechnika,Phytotechny
https://data.mff.cuni.cz/zdroj/číselníky/euraxess-vědní-obory,Obor - Euraxess,Euraxess Research Field,https://data.mff.cuni.cz/zdroj/číselníky/euraxess-vědní-obory/položky/60,60,Reakční mechanismy a dynamika,Reaction mechanisms and dynamics
https://data.mff.cuni.cz/zdroj/číselníky/euraxess-vědní-obory,Obor - Euraxess,Euraxess Research Field,https://data.mff.cuni.cz/zdroj/číselníky/euraxess-vědní-obory/položky/61,61,Sluneční chemie,Solar chemistry
https://data.mff.cuni.cz/zdroj/číselníky/euraxess-vědní-obory,Obor - Euraxess,Euraxess Research Field,https://data.mff.cuni.cz/zdroj/číselníky/euraxess-vědní-obory/položky/62,62,Strukturní chemie,Structural chemistry
https://data.mff.cuni.cz/zdroj/číselníky/euraxess-vědní-obory,Obor - Euraxess,Euraxess Research Field,https://data.mff.cuni.cz/zdroj/číselníky/euraxess-vědní-obory/položky/63,63,Další,Other
https://data.mff.cuni.cz/zdroj/číselníky/euraxess-vědní-obory,Obor - Euraxess,Euraxess Research Field,https://data.mff.cuni.cz/zdroj/číselníky/euraxess-vědní-obory/položky/64,64,Komunikační vědy ,Communication sciences 
https://data.mff.cuni.cz/zdroj/číselníky/euraxess-vědní-obory,Obor - Euraxess,Euraxess Research Field,https://data.mff.cuni.cz/zdroj/číselníky/euraxess-vědní-obory/položky/65,65,Audiovizuální komunikace,Audiovisual communication
https://data.mff.cuni.cz/zdroj/číselníky/euraxess-vědní-obory,Obor - Euraxess,Euraxess Research Field,https://data.mff.cuni.cz/zdroj/číselníky/euraxess-vědní-obory/položky/66,66,Obchodní komunikace,Business communication
https://data.mff.cuni.cz/zdroj/číselníky/euraxess-vědní-obory,Obor - Euraxess,Euraxess Research Field,https://data.mff.cuni.cz/zdroj/číselníky/euraxess-vědní-obory/položky/67,67,Redakční práce,Editing
https://data.mff.cuni.cz/zdroj/číselníky/euraxess-vědní-obory,Obor - Euraxess,Euraxess Research Field,https://data.mff.cuni.cz/zdroj/číselníky/euraxess-vědní-obory/položky/68,68,Grafická komunikace,Graphic communication
https://data.mff.cuni.cz/zdroj/číselníky/euraxess-vědní-obory,Obor - Euraxess,Euraxess Research Field,https://data.mff.cuni.cz/zdroj/číselníky/euraxess-vědní-obory/položky/69,69,Žurnalistika,Journalism
https://data.mff.cuni.cz/zdroj/číselníky/euraxess-vědní-obory,Obor - Euraxess,Euraxess Research Field,https://data.mff.cuni.cz/zdroj/číselníky/euraxess-vědní-obory/položky/7,7,Vědy o půdě,Soil science
https://data.mff.cuni.cz/zdroj/číselníky/euraxess-vědní-obory,Obor - Euraxess,Euraxess Research Field,https://data.mff.cuni.cz/zdroj/číselníky/euraxess-vědní-obory/položky/70,70,Mediální studia,Media studies
https://data.mff.cuni.cz/zdroj/číselníky/euraxess-vědní-obory,Obor - Euraxess,Euraxess Research Field,https://data.mff.cuni.cz/zdroj/číselníky/euraxess-vědní-obory/položky/71,71,On-line informační služby,On-line information services
https://data.mff.cuni.cz/zdroj/číselníky/euraxess-vědní-obory,Obor - Euraxess,Euraxess Research Field,https://data.mff.cuni.cz/zdroj/číselníky/euraxess-vědní-obory/položky/72,72,Vztahy s veřejností,Public relations
https://data.mff.cuni.cz/zdroj/číselníky/euraxess-vědní-obory,Obor - Euraxess,Euraxess Research Field,https://data.mff.cuni.cz/zdroj/číselníky/euraxess-vědní-obory/položky/73,73,Vydavatelství,Publishing
https://data.mff.cuni.cz/zdroj/číselníky/euraxess-vědní-obory,Obor - Euraxess,Euraxess Research Field,https://data.mff.cuni.cz/zdroj/číselníky/euraxess-vědní-obory/položky/74,74,Vědecká komunikace,Science communication
https://data.mff.cuni.cz/zdroj/číselníky/euraxess-vědní-obory,Obor - Euraxess,Euraxess Research Field,https://data.mff.cuni.cz/zdroj/číselníky/euraxess-vědní-obory/položky/75,75,Řečová komunikace,Speech communication
https://data.mff.cuni.cz/zdroj/číselníky/euraxess-vědní-obory,Obor - Euraxess,Euraxess Research Field,https://data.mff.cuni.cz/zdroj/číselníky/euraxess-vědní-obory/položky/76,76,Ostatní,Other
https://data.mff.cuni.cz/zdroj/číselníky/euraxess-vědní-obory,Obor - Euraxess,Euraxess Research Field,https://data.mff.cuni.cz/zdroj/číselníky/euraxess-vědní-obory/položky/77,77,Počítačová věda ,Computer science 
https://data.mff.cuni.cz/zdroj/číselníky/euraxess-vědní-obory,Obor - Euraxess,Euraxess Research Field,https://data.mff.cuni.cz/zdroj/číselníky/euraxess-vědní-obory/položky/78,78,Modelování 3 D,3 D modelling
https://data.mff.cuni.cz/zdroj/číselníky/euraxess-vědní-obory,Obor - Euraxess,Euraxess Research Field,https://data.mff.cuni.cz/zdroj/číselníky/euraxess-vědní-obory/položky/79,79,Autonomní výpočetní technika,Autonomic computing
https://data.mff.cuni.cz/zdroj/číselníky/euraxess-vědní-obory,Obor - Euraxess,Euraxess Research Field,https://data.mff.cuni.cz/zdroj/číselníky/euraxess-vědní-obory/položky/8,8,Zemědělství mírného pásma,Temperate agriculture
https://data.mff.cuni.cz/zdroj/číselníky/euraxess-vědní-obory,Obor - Euraxess,Euraxess Research Field,https://data.mff.cuni.cz/zdroj/číselníky/euraxess-vědní-obory/položky/80,80,Počítačová architektura,Computer architecture
https://data.mff.cuni.cz/zdroj/číselníky/euraxess-vědní-obory,Obor - Euraxess,Euraxess Research Field,https://data.mff.cuni.cz/zdroj/číselníky/euraxess-vědní-obory/položky/81,81,Počítačový hardware,Computer hardware
https://data.mff.cuni.cz/zdroj/číselníky/euraxess-vědní-obory,Obor - Euraxess,Euraxess Research Field,https://data.mff.cuni.cz/zdroj/číselníky/euraxess-vědní-obory/položky/82,82,Počítačové systémy,Computer systems
https://data.mff.cuni.cz/zdroj/číselníky/euraxess-vědní-obory,Obor - Euraxess,Euraxess Research Field,https://data.mff.cuni.cz/zdroj/číselníky/euraxess-vědní-obory/položky/83,83,Kybernetika,Cybernetics
https://data.mff.cuni.cz/zdroj/číselníky/euraxess-vědní-obory,Obor - Euraxess,Euraxess Research Field,https://data.mff.cuni.cz/zdroj/číselníky/euraxess-vědní-obory/položky/84,84,Správa databází,Database management
https://data.mff.cuni.cz/zdroj/číselníky/euraxess-vědní-obory,Obor - Euraxess,Euraxess Research Field,https://data.mff.cuni.cz/zdroj/číselníky/euraxess-vědní-obory/položky/85,85,Digitální systémy,Digital systems
https://data.mff.cuni.cz/zdroj/číselníky/euraxess-vědní-obory,Obor - Euraxess,Euraxess Research Field,https://data.mff.cuni.cz/zdroj/číselníky/euraxess-vědní-obory/položky/86,86,Informatika,Informatics
https://data.mff.cuni.cz/zdroj/číselníky/euraxess-vědní-obory,Obor - Euraxess,Euraxess Research Field,https://data.mff.cuni.cz/zdroj/číselníky/euraxess-vědní-obory/položky/87,87,Modelovací nástroje,Modelling tools
https://data.mff.cuni.cz/zdroj/číselníky/euraxess-vědní-obory,Obor - Euraxess,Euraxess Research Field,https://data.mff.cuni.cz/zdroj/číselníky/euraxess-vědní-obory/položky/88,88,Programování,Programming
https://data.mff.cuni.cz/zdroj/číselníky/euraxess-vědní-obory,Obor - Euraxess,Euraxess Research Field,https://data.mff.cuni.cz/zdroj/číselníky/euraxess-vědní-obory/položky/89,89,Návrh systémů,Systems design
https://data.mff.cuni.cz/zdroj/číselníky/euraxess-vědní-obory,Obor - Euraxess,Euraxess Research Field,https://data.mff.cuni.cz/zdroj/číselníky/euraxess-vědní-obory/položky/9,9,Tropické zemědělství,Tropical agriculture
https://data.mff.cuni.cz/zdroj/číselníky/euraxess-vědní-obory,Obor - Euraxess,Euraxess Research Field,https://data.mff.cuni.cz/zdroj/číselníky/euraxess-vědní-obory/položky/90,90,Další,Other
https://data.mff.cuni.cz/zdroj/číselníky/euraxess-vědní-obory,Obor - Euraxess,Euraxess Research Field,https://data.mff.cuni.cz/zdroj/číselníky/euraxess-vědní-obory/položky/91,91,Kriminologie ,Criminology 
https://data.mff.cuni.cz/zdroj/číselníky/euraxess-vědní-obory,Obor - Euraxess,Euraxess Research Field,https://data.mff.cuni.cz/zdroj/číselníky/euraxess-vědní-obory/položky/92,92,Ostatní,Other
https://data.mff.cuni.cz/zdroj/číselníky/euraxess-vědní-obory,Obor - Euraxess,Euraxess Research Field,https://data.mff.cuni.cz/zdroj/číselníky/euraxess-vědní-obory/položky/93,93,Kulturní studia,Cultural studies
https://data.mff.cuni.cz/zdroj/číselníky/euraxess-vědní-obory,Obor - Euraxess,Euraxess Research Field,https://data.mff.cuni.cz/zdroj/číselníky/euraxess-vědní-obory/položky/94,94,Africká studia,African studies
https://data.mff.cuni.cz/zdroj/číselníky/euraxess-vědní-obory,Obor - Euraxess,Euraxess Research Field,https://data.mff.cuni.cz/zdroj/číselníky/euraxess-vědní-obory/položky/95,95,Americká studia,American studies
https://data.mff.cuni.cz/zdroj/číselníky/euraxess-vědní-obory,Obor - Euraxess,Euraxess Research Field,https://data.mff.cuni.cz/zdroj/číselníky/euraxess-vědní-obory/položky/96,96,Antická studia,Ancient studies
https://data.mff.cuni.cz/zdroj/číselníky/euraxess-vědní-obory,Obor - Euraxess,Euraxess Research Field,https://data.mff.cuni.cz/zdroj/číselníky/euraxess-vědní-obory/položky/97,97,Anglosaská studia,Anglo Saxon studies
https://data.mff.cuni.cz/zdroj/číselníky/euraxess-vědní-obory,Obor - Euraxess,Euraxess Research Field,https://data.mff.cuni.cz/zdroj/číselníky/euraxess-vědní-obory/položky/98,98,Arabistika,Arabic studies
https://data.mff.cuni.cz/zdroj/číselníky/euraxess-vědní-obory,Obor - Euraxess,Euraxess Research Field,https://data.mff.cuni.cz/zdroj/číselníky/euraxess-vědní-obory/položky/99,99,Asijská studia,Asian studies
